{
    "__comment": "Model generated using MrCrayfish's Model Creator (https://mrcrayfish.com/tools?id=mc)",
    "textures": {
        "diamond": "minecraft:Hammers/netherite",
        "stick": "minecraft:Hammers/stick"
    },
    "display": {
        "gui": {
            "rotation": [ 30, 45, 0 ],
            "translation": [ 0, 0, 0 ],
            "scale": [ 1.125, 1.125, 1.125 ]
        }
    },
    "elements": [
        {
            "name": "stick",
            "from": [ 7, 2, 7 ], 
            "to": [ 9, 15, 9 ], 
            "faces": {
                "north": { "texture": "#stick", "uv": [ 2, 1, 4, 14 ] },
                "east": { "texture": "#stick", "uv": [ 4, 1, 6, 14 ] },
                "south": { "texture": "#stick", "uv": [ 6, 1, 8, 14 ] },
                "west": { "texture": "#stick", "uv": [ 4, 1, 6, 14 ] },
                "up": { "texture": "#stick", "uv": [ 0, 0, 2, 2 ] },
                "down": { "texture": "#stick", "uv": [ 14, 14, 16, 16 ] }
            }
        },
        {
            "name": "head",
            "from": [ 6, 10, 3 ], 
            "to": [ 10, 14, 10 ], 
            "faces": {
                "north": { "texture": "#diamond", "uv": [ 0, 0, 4, 4 ] },
                "east": { "texture": "#diamond", "uv": [ 0, 0, 7, 4 ] },
                "south": { "texture": "#diamond", "uv": [ 0, 0, 4, 4 ] },
                "west": { "texture": "#diamond", "uv": [ 0, 0, 7, 4 ] },
                "up": { "texture": "#diamond", "uv": [ 0, 0, 4, 7 ] },
                "down": { "texture": "#diamond", "uv": [ 0, 0, 4, 7 ] }
            }
        }
    ]
}