{
  "parent": "item/generated",
  "textures": {
    "layer0": "item/apple"
  },
  "overrides": [
    {
      "predicate": {
        "custom_model_data": 1
      },
      "model": "itemsadder:auto_generated/tomato"
    },
    {
      "predicate": {
        "custom_model_data": 2
      },
      "model": "itemsadder:auto_generated/banana"
    },
    {
      "predicate": {
        "custom_model_data": 3
      },
      "model": "itemsadder:auto_generated/garlic"
    },
    {
      "predicate": {
        "custom_model_data": 4
      },
      "model": "itemsadder:auto_generated/lettuce"
    },
    {
      "predicate": {
        "custom_model_data": 5
      },
      "model": "itemsadder:auto_generated/chili_pepper"
    },
    {
      "predicate": {
        "custom_model_data": 6
      },
      "model": "itemsadder:auto_generated/pear"
    },
    {
      "predicate": {
        "custom_model_data": 7
      },
      "model": "itemsadder:auto_generated/rice"
    },{
      "predicate": {
        "custom_model_data": 8
      },
      "model": "itemsadder:auto_generated/limon"
    },
    {
      "predicate": {
        "custom_model_data": 9
      },
      "model": "itemsadder:auto_generated/fresa"
    },
    {
      "predicate": {
        "custom_model_data": 10
      },
      "model": "itemsadder:auto_generated/coco"
    },
    {
      "predicate": {
        "custom_model_data": 11
      },
      "model": "itemsadder:auto_generated/kiwi"
    },
    {
      "predicate": {
        "custom_model_data": 12
      },
      "model": "itemsadder:auto_generated/arandano"
    },
    {
      "predicate": {
        "custom_model_data": 13
      },
      "model": "itemsadder:auto_generated/uva"
    },
    {
      "predicate": {
        "custom_model_data": 20
      },
      "model": "itemsadder:auto_generated/appleazul"
    },
    {
      "predicate": {
        "custom_model_data": 21
      },
      "model": "itemsadder:auto_generated/aguacate"
    },
    {
      "predicate": {
        "custom_model_data": 22
      },
      "model": "itemsadder:auto_generated/aguacate_dorado"
    },
    {
      "predicate": {
        "custom_model_data": 23
      },
      "model": "itemsadder:auto_generated/mango"
    },
    {
      "predicate": {
        "custom_model_data": 24
      },
      "model": "itemsadder:auto_generated/churros"
    }
  ]
}