{
	"credit": "Made with Blockbench",
	"textures": {
		"1": "block/brown1",
		"2": "block/brown2",
		"3": "block/brown3",
		"particle": "block/brown_terracotta"
	},
	"elements": [
		{
			"from": [6, 0, 6],
			"to": [7, 14, 10],
			"rotation": {"angle": 0, "axis": "x", "origin": [13, 1, 2]},
			"faces": {
				"north": {"uv": [0, 0, 4, 9], "rotation": 180, "texture": "#1"},
				"east": {"uv": [0, 0, 4, 9], "rotation": 180, "texture": "#1"},
				"south": {"uv": [0, 0, 4, 9], "rotation": 180, "texture": "#1"},
				"west": {"uv": [0, 0, 4, 9], "rotation": 180, "texture": "#1"},
				"up": {"uv": [0, 0, 4, 9], "texture": "#1"},
				"down": {"uv": [0, 0, 4, 9], "texture": "#1"}
			}
		},
		{
			"from": [6, 5, 3],
			"to": [7, 14, 4],
			"rotation": {"angle": 0, "axis": "x", "origin": [13, 1, 2]},
			"faces": {
				"north": {"uv": [0, 0, 1, 4], "rotation": 180, "texture": "#1"},
				"east": {"uv": [0, 0, 1, 4], "rotation": 180, "texture": "#1"},
				"south": {"uv": [0, 0, 1, 4], "rotation": 180, "texture": "#1"},
				"west": {"uv": [0, 0, 1, 4], "rotation": 180, "texture": "#1"},
				"up": {"uv": [0, 0, 1, 4], "texture": "#1"},
				"down": {"uv": [0, 0, 1, 4], "texture": "#1"}
			}
		},
		{
			"from": [6, 5, 12],
			"to": [7, 14, 13],
			"rotation": {"angle": 0, "axis": "x", "origin": [13, 1, 2]},
			"faces": {
				"north": {"uv": [0, 0, 1, 4], "rotation": 180, "texture": "#1"},
				"east": {"uv": [0, 0, 1, 4], "rotation": 180, "texture": "#1"},
				"south": {"uv": [0, 0, 1, 4], "rotation": 180, "texture": "#1"},
				"west": {"uv": [0, 0, 1, 4], "rotation": 180, "texture": "#1"},
				"up": {"uv": [0, 0, 1, 4], "texture": "#1"},
				"down": {"uv": [0, 0, 1, 4], "texture": "#1"}
			}
		},
		{
			"from": [6, 3, 4],
			"to": [7, 14, 5],
			"rotation": {"angle": 0, "axis": "x", "origin": [13, 1, 2]},
			"faces": {
				"north": {"uv": [0, 0, 1, 6], "rotation": 180, "texture": "#1"},
				"east": {"uv": [0, 0, 1, 6], "rotation": 180, "texture": "#1"},
				"south": {"uv": [0, 0, 1, 6], "rotation": 180, "texture": "#1"},
				"west": {"uv": [0, 0, 1, 6], "rotation": 180, "texture": "#1"},
				"up": {"uv": [0, 0, 1, 6], "texture": "#1"},
				"down": {"uv": [0, 0, 1, 6], "texture": "#1"}
			}
		},
		{
			"from": [6, 3, 11],
			"to": [7, 14, 12],
			"rotation": {"angle": 0, "axis": "x", "origin": [13, 1, 2]},
			"faces": {
				"north": {"uv": [0, 0, 1, 6], "rotation": 180, "texture": "#1"},
				"east": {"uv": [0, 0, 1, 6], "rotation": 180, "texture": "#1"},
				"south": {"uv": [0, 0, 1, 6], "rotation": 180, "texture": "#1"},
				"west": {"uv": [0, 0, 1, 6], "rotation": 180, "texture": "#1"},
				"up": {"uv": [0, 0, 1, 6], "texture": "#1"},
				"down": {"uv": [0, 0, 1, 6], "texture": "#1"}
			}
		},
		{
			"from": [6, 1, 10],
			"to": [7, 14, 11],
			"rotation": {"angle": 0, "axis": "x", "origin": [13, 1, 2]},
			"faces": {
				"north": {"uv": [0, 0, 1, 8], "rotation": 180, "texture": "#1"},
				"east": {"uv": [0, 0, 1, 8], "rotation": 180, "texture": "#1"},
				"south": {"uv": [0, 0, 1, 8], "rotation": 180, "texture": "#1"},
				"west": {"uv": [0, 0, 1, 8], "rotation": 180, "texture": "#1"},
				"up": {"uv": [0, 0, 1, 8], "texture": "#1"},
				"down": {"uv": [0, 0, 1, 8], "texture": "#1"}
			}
		},
		{
			"from": [6, 1, 5],
			"to": [7, 14, 6],
			"rotation": {"angle": 0, "axis": "x", "origin": [13, 1, 2]},
			"faces": {
				"north": {"uv": [0, 0, 1, 8], "rotation": 180, "texture": "#1"},
				"east": {"uv": [0, 0, 1, 8], "rotation": 180, "texture": "#1"},
				"south": {"uv": [0, 0, 1, 8], "rotation": 180, "texture": "#1"},
				"west": {"uv": [0, 0, 1, 8], "rotation": 180, "texture": "#1"},
				"up": {"uv": [0, 0, 1, 8], "texture": "#1"},
				"down": {"uv": [0, 0, 1, 8], "texture": "#1"}
			}
		},
		{
			"from": [5, 1, 6],
			"to": [6, 14, 10],
			"rotation": {"angle": 0, "axis": "x", "origin": [13, 1, 2]},
			"faces": {
				"north": {"uv": [0, 0, 4, 9], "rotation": 180, "texture": "#1"},
				"east": {"uv": [0, 0, 4, 9], "rotation": 180, "texture": "#1"},
				"south": {"uv": [0, 0, 4, 9], "rotation": 180, "texture": "#1"},
				"west": {"uv": [0, 0, 4, 9], "rotation": 180, "texture": "#1"},
				"up": {"uv": [0, 0, 4, 9], "texture": "#1"},
				"down": {"uv": [0, 0, 4, 9], "texture": "#1"}
			}
		},
		{
			"from": [5, 6, 3],
			"to": [6, 14, 4],
			"rotation": {"angle": 0, "axis": "x", "origin": [13, 1, 2]},
			"faces": {
				"north": {"uv": [0, 0, 1, 4], "rotation": 180, "texture": "#1"},
				"east": {"uv": [0, 0, 1, 4], "rotation": 180, "texture": "#1"},
				"south": {"uv": [0, 0, 1, 4], "rotation": 180, "texture": "#1"},
				"west": {"uv": [0, 0, 1, 4], "rotation": 180, "texture": "#1"},
				"up": {"uv": [0, 0, 1, 4], "texture": "#1"},
				"down": {"uv": [0, 0, 1, 4], "texture": "#1"}
			}
		},
		{
			"from": [5, 6, 12],
			"to": [6, 14, 13],
			"rotation": {"angle": 0, "axis": "x", "origin": [13, 1, 2]},
			"faces": {
				"north": {"uv": [0, 0, 1, 4], "rotation": 180, "texture": "#1"},
				"east": {"uv": [0, 0, 1, 4], "rotation": 180, "texture": "#1"},
				"south": {"uv": [0, 0, 1, 4], "rotation": 180, "texture": "#1"},
				"west": {"uv": [0, 0, 1, 4], "rotation": 180, "texture": "#1"},
				"up": {"uv": [0, 0, 1, 4], "texture": "#1"},
				"down": {"uv": [0, 0, 1, 4], "texture": "#1"}
			}
		},
		{
			"from": [5, 4, 4],
			"to": [6, 14, 5],
			"rotation": {"angle": 0, "axis": "x", "origin": [13, 1, 2]},
			"faces": {
				"north": {"uv": [0, 0, 1, 6], "rotation": 180, "texture": "#1"},
				"east": {"uv": [0, 0, 1, 6], "rotation": 180, "texture": "#1"},
				"south": {"uv": [0, 0, 1, 6], "rotation": 180, "texture": "#1"},
				"west": {"uv": [0, 0, 1, 6], "rotation": 180, "texture": "#1"},
				"up": {"uv": [0, 0, 1, 6], "texture": "#1"},
				"down": {"uv": [0, 0, 1, 6], "texture": "#1"}
			}
		},
		{
			"from": [5, 4, 11],
			"to": [6, 14, 12],
			"rotation": {"angle": 0, "axis": "x", "origin": [13, 1, 2]},
			"faces": {
				"north": {"uv": [0, 0, 1, 6], "rotation": 180, "texture": "#1"},
				"east": {"uv": [0, 0, 1, 6], "rotation": 180, "texture": "#1"},
				"south": {"uv": [0, 0, 1, 6], "rotation": 180, "texture": "#1"},
				"west": {"uv": [0, 0, 1, 6], "rotation": 180, "texture": "#1"},
				"up": {"uv": [0, 0, 1, 6], "texture": "#1"},
				"down": {"uv": [0, 0, 1, 6], "texture": "#1"}
			}
		},
		{
			"from": [5, 2, 10],
			"to": [6, 14, 11],
			"rotation": {"angle": 0, "axis": "x", "origin": [13, 1, 2]},
			"faces": {
				"north": {"uv": [0, 0, 1, 8], "rotation": 180, "texture": "#1"},
				"east": {"uv": [0, 0, 1, 8], "rotation": 180, "texture": "#1"},
				"south": {"uv": [0, 0, 1, 8], "rotation": 180, "texture": "#1"},
				"west": {"uv": [0, 0, 1, 8], "rotation": 180, "texture": "#1"},
				"up": {"uv": [0, 0, 1, 8], "texture": "#1"},
				"down": {"uv": [0, 0, 1, 8], "texture": "#1"}
			}
		},
		{
			"from": [5, 2, 5],
			"to": [6, 14, 6],
			"rotation": {"angle": 0, "axis": "x", "origin": [13, 1, 2]},
			"faces": {
				"north": {"uv": [0, 0, 1, 8], "rotation": 180, "texture": "#1"},
				"east": {"uv": [0, 0, 1, 8], "rotation": 180, "texture": "#1"},
				"south": {"uv": [0, 0, 1, 8], "rotation": 180, "texture": "#1"},
				"west": {"uv": [0, 0, 1, 8], "rotation": 180, "texture": "#1"},
				"up": {"uv": [0, 0, 1, 8], "texture": "#1"},
				"down": {"uv": [0, 0, 1, 8], "texture": "#1"}
			}
		},
		{
			"from": [4, 2, 6],
			"to": [5, 14, 10],
			"rotation": {"angle": 0, "axis": "x", "origin": [13, 1, 2]},
			"faces": {
				"north": {"uv": [0, 0, 4, 9], "rotation": 180, "texture": "#2"},
				"east": {"uv": [0, 0, 4, 9], "rotation": 180, "texture": "#2"},
				"south": {"uv": [0, 0, 4, 9], "rotation": 180, "texture": "#2"},
				"west": {"uv": [0, 0, 4, 9], "rotation": 180, "texture": "#2"},
				"up": {"uv": [0, 0, 4, 9], "texture": "#2"},
				"down": {"uv": [0, 0, 4, 9], "texture": "#2"}
			}
		},
		{
			"from": [4, 4, 5],
			"to": [5, 14, 6],
			"rotation": {"angle": 0, "axis": "x", "origin": [13, 1, 2]},
			"faces": {
				"north": {"uv": [0, 0, 1, 8], "rotation": 180, "texture": "#2"},
				"east": {"uv": [0, 0, 1, 8], "rotation": 180, "texture": "#2"},
				"south": {"uv": [0, 0, 1, 8], "rotation": 180, "texture": "#2"},
				"west": {"uv": [0, 0, 1, 8], "rotation": 180, "texture": "#2"},
				"up": {"uv": [0, 0, 1, 8], "texture": "#2"},
				"down": {"uv": [0, 0, 1, 8], "texture": "#2"}
			}
		},
		{
			"from": [4, 4, 10],
			"to": [5, 14, 11],
			"rotation": {"angle": 0, "axis": "x", "origin": [13, 1, 2]},
			"faces": {
				"north": {"uv": [0, 0, 1, 8], "rotation": 180, "texture": "#2"},
				"east": {"uv": [0, 0, 1, 8], "rotation": 180, "texture": "#2"},
				"south": {"uv": [0, 0, 1, 8], "rotation": 180, "texture": "#2"},
				"west": {"uv": [0, 0, 1, 8], "rotation": 180, "texture": "#2"},
				"up": {"uv": [0, 0, 1, 8], "texture": "#2"},
				"down": {"uv": [0, 0, 1, 8], "texture": "#2"}
			}
		},
		{
			"from": [4, 5, 4],
			"to": [5, 14, 5],
			"rotation": {"angle": 0, "axis": "x", "origin": [13, 1, 2]},
			"faces": {
				"north": {"uv": [0, 0, 1, 6], "rotation": 180, "texture": "#2"},
				"east": {"uv": [0, 0, 1, 6], "rotation": 180, "texture": "#2"},
				"south": {"uv": [0, 0, 1, 6], "rotation": 180, "texture": "#2"},
				"west": {"uv": [0, 0, 1, 6], "rotation": 180, "texture": "#2"},
				"up": {"uv": [0, 0, 1, 6], "texture": "#2"},
				"down": {"uv": [0, 0, 1, 6], "texture": "#2"}
			}
		},
		{
			"from": [4, 5, 11],
			"to": [5, 14, 12],
			"rotation": {"angle": 0, "axis": "x", "origin": [13, 1, 2]},
			"faces": {
				"north": {"uv": [0, 0, 1, 6], "rotation": 180, "texture": "#2"},
				"east": {"uv": [0, 0, 1, 6], "rotation": 180, "texture": "#2"},
				"south": {"uv": [0, 0, 1, 6], "rotation": 180, "texture": "#2"},
				"west": {"uv": [0, 0, 1, 6], "rotation": 180, "texture": "#2"},
				"up": {"uv": [0, 0, 1, 6], "texture": "#2"},
				"down": {"uv": [0, 0, 1, 6], "texture": "#2"}
			}
		},
		{
			"from": [4, 8, 12],
			"to": [5, 11, 13],
			"rotation": {"angle": 0, "axis": "x", "origin": [13, 1, 2]},
			"faces": {
				"north": {"uv": [0, 0, 1, 4], "rotation": 180, "texture": "#2"},
				"east": {"uv": [0, 0, 1, 4], "rotation": 180, "texture": "#2"},
				"south": {"uv": [0, 0, 1, 4], "rotation": 180, "texture": "#2"},
				"west": {"uv": [0, 0, 1, 4], "rotation": 180, "texture": "#2"},
				"up": {"uv": [0, 0, 1, 4], "texture": "#2"},
				"down": {"uv": [0, 0, 1, 4], "texture": "#2"}
			}
		},
		{
			"from": [4, 7, 3],
			"to": [5, 11, 4],
			"rotation": {"angle": 0, "axis": "x", "origin": [13, 1, 2]},
			"faces": {
				"north": {"uv": [0, 0, 1, 4], "rotation": 180, "texture": "#2"},
				"east": {"uv": [0, 0, 1, 4], "rotation": 180, "texture": "#2"},
				"south": {"uv": [0, 0, 1, 4], "rotation": 180, "texture": "#2"},
				"west": {"uv": [0, 0, 1, 4], "rotation": 180, "texture": "#2"},
				"up": {"uv": [0, 0, 1, 4], "texture": "#2"},
				"down": {"uv": [0, 0, 1, 4], "texture": "#2"}
			}
		},
		{
			"from": [3, 5, 6],
			"to": [4, 14, 10],
			"rotation": {"angle": 0, "axis": "x", "origin": [13, 1, 2]},
			"faces": {
				"north": {"uv": [0, 0, 4, 9], "rotation": 180, "texture": "#3"},
				"east": {"uv": [0, 0, 4, 9], "rotation": 180, "texture": "#3"},
				"south": {"uv": [0, 0, 4, 9], "rotation": 180, "texture": "#3"},
				"west": {"uv": [0, 0, 4, 9], "rotation": 180, "texture": "#3"},
				"up": {"uv": [0, 0, 4, 9], "texture": "#3"},
				"down": {"uv": [0, 0, 4, 9], "texture": "#3"}
			}
		},
		{
			"from": [3, 7, 5],
			"to": [4, 14, 6],
			"rotation": {"angle": 0, "axis": "x", "origin": [13, 1, 2]},
			"faces": {
				"north": {"uv": [0, 0, 1, 8], "rotation": 180, "texture": "#3"},
				"east": {"uv": [0, 0, 1, 8], "rotation": 180, "texture": "#3"},
				"south": {"uv": [0, 0, 1, 8], "rotation": 180, "texture": "#3"},
				"west": {"uv": [0, 0, 1, 8], "rotation": 180, "texture": "#3"},
				"up": {"uv": [0, 0, 1, 8], "texture": "#3"},
				"down": {"uv": [0, 0, 1, 8], "texture": "#3"}
			}
		},
		{
			"from": [3, 7, 10],
			"to": [4, 14, 11],
			"rotation": {"angle": 0, "axis": "x", "origin": [13, 1, 2]},
			"faces": {
				"north": {"uv": [0, 0, 1, 8], "rotation": 180, "texture": "#3"},
				"east": {"uv": [0, 0, 1, 8], "rotation": 180, "texture": "#3"},
				"south": {"uv": [0, 0, 1, 8], "rotation": 180, "texture": "#3"},
				"west": {"uv": [0, 0, 1, 8], "rotation": 180, "texture": "#3"},
				"up": {"uv": [0, 0, 1, 8], "texture": "#3"},
				"down": {"uv": [0, 0, 1, 8], "texture": "#3"}
			}
		},
		{
			"from": [3, 8, 4],
			"to": [4, 12, 5],
			"rotation": {"angle": 0, "axis": "x", "origin": [13, 1, 2]},
			"faces": {
				"north": {"uv": [0, 0, 1, 6], "rotation": 180, "texture": "#3"},
				"east": {"uv": [0, 0, 1, 6], "rotation": 180, "texture": "#3"},
				"south": {"uv": [0, 0, 1, 6], "rotation": 180, "texture": "#3"},
				"west": {"uv": [0, 0, 1, 6], "rotation": 180, "texture": "#3"},
				"up": {"uv": [0, 0, 1, 6], "texture": "#3"},
				"down": {"uv": [0, 0, 1, 6], "texture": "#3"}
			}
		},
		{
			"from": [3, 8, 11],
			"to": [4, 12, 12],
			"rotation": {"angle": 0, "axis": "x", "origin": [13, 1, 2]},
			"faces": {
				"north": {"uv": [0, 0, 1, 6], "rotation": 180, "texture": "#3"},
				"east": {"uv": [0, 0, 1, 6], "rotation": 180, "texture": "#3"},
				"south": {"uv": [0, 0, 1, 6], "rotation": 180, "texture": "#3"},
				"west": {"uv": [0, 0, 1, 6], "rotation": 180, "texture": "#3"},
				"up": {"uv": [0, 0, 1, 6], "texture": "#3"},
				"down": {"uv": [0, 0, 1, 6], "texture": "#3"}
			}
		}
	],
	"display": {
		"thirdperson_righthand": {
			"translation": [0, 4, 0],
			"scale": [0.5, 0.5, 0.5]
		},
		"thirdperson_lefthand": {
			"translation": [0, 4, 0],
			"scale": [0.5, 0.5, 0.5]
		},
		"gui": {
			"rotation": [-163, 90, -180],
			"translation": [0, 1, 0]
		},
		"head": {
			"rotation": [0, -90, 0],
			"translation": [0, -12.25, -5.5],
			"scale": [0.84, 1.2, 1.2]
		},
		"fixed": {
			"rotation": [0, -90, 0],
			"translation": [0, 0, -1]
		}
	},
	"groups": [
		{
			"name": "group",
			"origin": [16, 8, 14],
			"children": [0, 1, 2, 3, 4, 5, 6,
				{
					"name": "group",
					"origin": [16, 8, 14],
					"children": [7, 8, 9, 10, 11, 12, 13]
				},
				{
					"name": "group",
					"origin": [14, 8, 16],
					"children": [14, 15, 16, 17, 18, 19, 20]
				},
				{
					"name": "group",
					"origin": [14, 8, 16],
					"children": [21, 22, 23, 24, 25]
				}
			]
		}
	]
}