{
  "parent": "item/base/bow",
  "textures": {
    "layer0": "item/bow"
  },
  "overrides": [
    {
      "predicate": {
        "pulling": 0
      },
      "model": "item/bow"
    },
    {
      "predicate": {
        "pulling": 1
      },
      "model": "item/bow_pulling_0"
    },
    {
      "predicate": {
        "pulling": 1,
        "pull": 0.65
      },
      "model": "item/bow_pulling_1"
    },
    {
      "predicate": {
        "pulling": 1,
        "pull": 0.9
      },
      "model": "item/bow_pulling_2"
    },
    {
      "predicate": {
        "pulling": 0,
        "custom_model_data": 1
      },
      "model": "itemsadder:auto_generated/astral_bow"
    },
    {
      "predicate": {
        "pulling": 1,
        "custom_model_data": 1
      },
      "model": "itemsadder:auto_generated/astral_bow_0"
    },
    {
      "predicate": {
        "pulling": 1,
        "pull": 0.65,
        "custom_model_data": 1
      },
      "model": "itemsadder:auto_generated/astral_bow_1"
    },
    {
      "predicate": {
        "pulling": 1,
        "pull": 0.9,
        "custom_model_data": 1
      },
      "model": "itemsadder:auto_generated/astral_bow_2"
    },
    {
      "predicate": {
        "pulling": 0,
        "custom_model_data": 2
      },
      "model": "itemsadder:item/cross_bow"
    },
    {
      "predicate": {
        "pulling": 1,
        "custom_model_data": 2
      },
      "model": "itemsadder:item/cross_bow_0"
    },
    {
      "predicate": {
        "pulling": 1,
        "pull": 0.65,
        "custom_model_data": 2
      },
      "model": "itemsadder:item/cross_bow_1"
    },
    {
      "predicate": {
        "pulling": 1,
        "pull": 0.9,
        "custom_model_data": 2
      },
      "model": "itemsadder:item/cross_bow_2"
    },
    {
      "predicate": {
        "pulling": 0,
        "custom_model_data": 3
      },
      "model": "itemsadder:auto_generated/black_bow"
    },
    {
      "predicate": {
        "pulling": 1,
        "custom_model_data": 3
      },
      "model": "itemsadder:auto_generated/black_bow_0"
    },
    {
      "predicate": {
        "pulling": 1,
        "pull": 0.65,
        "custom_model_data": 3
      },
      "model": "itemsadder:auto_generated/black_bow_1"
    },
    {
      "predicate": {
        "pulling": 1,
        "pull": 0.9,
        "custom_model_data": 3
      },
      "model": "itemsadder:auto_generated/black_bow_2"
    },
    {
      "predicate": {
        "pulling": 0,
        "custom_model_data": 4
      },
      "model": "itemsadder:auto_generated/red_bow"
    },
    {
      "predicate": {
        "pulling": 1,
        "custom_model_data": 4
      },
      "model": "itemsadder:auto_generated/red_bow_0"
    },
    {
      "predicate": {
        "pulling": 1,
        "pull": 0.65,
        "custom_model_data": 4
      },
      "model": "itemsadder:auto_generated/red_bow_1"
    },
    {
      "predicate": {
        "pulling": 1,
        "pull": 0.9,
        "custom_model_data": 4
      },
      "model": "itemsadder:auto_generated/red_bow_2"
    },
    {
      "predicate": {
        "pulling": 0,
        "custom_model_data": 5
      },
      "model": "itemsadder:auto_generated/green_bow"
    },
    {
      "predicate": {
        "pulling": 1,
        "custom_model_data": 5
      },
      "model": "itemsadder:auto_generated/green_bow_0"
    },
    {
      "predicate": {
        "pulling": 1,
        "pull": 0.65,
        "custom_model_data": 5
      },
      "model": "itemsadder:auto_generated/green_bow_1"
    },
    {
      "predicate": {
        "pulling": 1,
        "pull": 0.9,
        "custom_model_data": 5
      },
      "model": "itemsadder:auto_generated/green_bow_2"
    },
    {
      "predicate": {
        "pulling": 0,
        "custom_model_data": 6
      },
      "model": "itemsadder:auto_generated/blue_bow"
    },
    {
      "predicate": {
        "pulling": 1,
        "custom_model_data": 6
      },
      "model": "itemsadder:auto_generated/blue_bow_0"
    },
    {
      "predicate": {
        "pulling": 1,
        "pull": 0.65,
        "custom_model_data": 6
      },
      "model": "itemsadder:auto_generated/blue_bow_1"
    },
    {
      "predicate": {
        "pulling": 1,
        "pull": 0.9,
        "custom_model_data": 6
      },
      "model": "itemsadder:auto_generated/blue_bow_2"
    },
    {
      "predicate": {
        "pulling": 0,
        "custom_model_data": 7
      },
      "model": "itemsadder:auto_generated/purple_bow"
    },
    {
      "predicate": {
        "pulling": 1,
        "custom_model_data": 7
      },
      "model": "itemsadder:auto_generated/purple_bow_0"
    },
    {
      "predicate": {
        "pulling": 1,
        "pull": 0.65,
        "custom_model_data": 7
      },
      "model": "itemsadder:auto_generated/purple_bow_1"
    },
    {
      "predicate": {
        "pulling": 1,
        "pull": 0.9,
        "custom_model_data": 7
      },
      "model": "itemsadder:auto_generated/purple_bow_2"
    },
    {
      "predicate": {
        "pulling": 0,
        "custom_model_data": 8
      },
      "model": "itemsadder:auto_generated/cyan_bow"
    },
    {
      "predicate": {
        "pulling": 1,
        "custom_model_data": 8
      },
      "model": "itemsadder:auto_generated/cyan_bow_0"
    },
    {
      "predicate": {
        "pulling": 1,
        "pull": 0.65,
        "custom_model_data": 8
      },
      "model": "itemsadder:auto_generated/cyan_bow_1"
    },
    {
      "predicate": {
        "pulling": 1,
        "pull": 0.9,
        "custom_model_data": 8
      },
      "model": "itemsadder:auto_generated/cyan_bow_2"
    }
  ]
}