{
  "parent": "item/generated",
  "textures": {
    "layer0": "item/cooked_porkchop"
  },
  "overrides": [
    {
      "predicate": {
        "custom_model_data": 1
      },
      "model": "itemsadder:auto_generated/pizza"
    },
    {
      "predicate": {
        "custom_model_data": 2
      },
      "model": "itemsadder:auto_generated/taco"
    },
    {
      "predicate": {
        "custom_model_data": 3
      },
      "model": "itemsadder:auto_generated/hamburger"
    },
    {
      "predicate": {
        "custom_model_data": 4
      },
      "model": "itemsadder:auto_generated/chips"
    },
    {
      "predicate": {
        "custom_model_data": 5
      },
      "model": "itemsadder:auto_generated/hotdog"
    },
    {
      "predicate": {
        "custom_model_data": 6
      },
      "model": "itemsadder:auto_generated/tropical_fish_nigiri"
    },
    {
      "predicate": {
        "custom_model_data": 7
      },
      "model": "itemsadder:auto_generated/cod_nigiri"
    },
    {
      "predicate": {
        "custom_model_data": 8
      },
      "model": "itemsadder:auto_generated/salmon_nigiri"
    },
    {
      "predicate": {
        "custom_model_data": 9
      },
      "model": "itemsadder:auto_generated/sausage"
    },
    {
      "predicate": {
        "custom_model_data": 10
      },
      "model": "itemsadder:auto_generated/cooked_sausage"
    },
    {
      "predicate": {
        "custom_model_data": 11
      },
      "model": "itemsadder:auto_generated/baguette"
    },
    {
      "predicate": {
        "custom_model_data": 12
      },
      "model": "itemsadder:auto_generated/broken_egg"
    },
    {
      "predicate": {
        "custom_model_data": 13
      },
      "model": "itemsadder:auto_generated/fried_egg"
    },
    {
      "predicate": {
        "custom_model_data": 14
      },
      "model": "itemsadder:auto_generated/peeled_potato"
    },
    {
      "predicate": {
        "custom_model_data": 15
      },
      "model": "itemsadder:auto_generated/potato_sticks"
    },
    {
      "predicate": {
        "custom_model_data": 16
      },
      "model": "itemsadder:auto_generated/fried_potato_sticks"
    },
    {
      "predicate": {
        "custom_model_data": 17
      },
      "model": "itemsadder:auto_generated/french_fries"
    },
    {
      "predicate": {
        "custom_model_data": 18
      },
      "model": "itemsadder:auto_generated/donut_base"
    },
    {
      "predicate": {
        "custom_model_data": 19
      },
      "model": "itemsadder:auto_generated/cooked_donut_base"
    },
    {
      "predicate": {
        "custom_model_data": 20
      },
      "model": "itemsadder:auto_generated/sweet"
    },
    {
      "predicate": {
        "custom_model_data": 21
      },
      "model": "itemsadder:auto_generated/sweet_stick"
    },
    {
      "predicate": {
        "custom_model_data": 22
      },
      "model": "itemsadder:auto_generated/pink_donut"
    },
    {
      "predicate": {
        "custom_model_data": 23
      },
      "model": "itemsadder:auto_generated/nether_donut"
    },
    {
      "predicate": {
        "custom_model_data": 24
      },
      "model": "itemsadder:auto_generated/cheese"
    },
    {
      "predicate": {
        "custom_model_data": 25
      },
      "model": "itemsadder:auto_generated/pufferfish_nigiri"
    },
    {
      "predicate": {
        "custom_model_data": 26
      },
      "model": "itemsadder:auto_generated/sliced_bread"
    },
    {
      "predicate": {
        "custom_model_data": 27
      },
      "model": "itemsadder:auto_generated/sliced_baguette"
    },
    {
      "predicate": {
        "custom_model_data": 28
      },
      "model": "itemsadder:auto_generated/sliced_cheese"
    },
    {
      "predicate": {
        "custom_model_data": 29
      },
      "model": "itemsadder:auto_generated/blue_parrotfish"
    },
    {
      "predicate": {
        "custom_model_data": 30
      },
      "model": "itemsadder:auto_generated/cooked_blue_parrotfish"
    },
    {
      "predicate": {
        "custom_model_data": 31
      },
      "model": "itemsadder:auto_generated/green_sunfish"
    },
    {
      "predicate": {
        "custom_model_data": 32
      },
      "model": "itemsadder:auto_generated/cooked_green_sunfish"
    },
    {
      "predicate": {
        "custom_model_data": 33
      },
      "model": "itemsadder:auto_generated/goldfish"
    },
    {
      "predicate": {
        "custom_model_data": 34
      },
      "model": "itemsadder:auto_generated/cooked_goldfish"
    },
    {
      "predicate": {
        "custom_model_data": 35
      },
      "model": "itemsadder:auto_generated/black_moor_goldfish"
    },
    {
      "predicate": {
        "custom_model_data": 36
      },
      "model": "itemsadder:auto_generated/cooked_black_moor_goldfish"
    },
    {
      "predicate": {
        "custom_model_data": 37
      },
      "model": "itemsadder:auto_generated/tuna"
    },
    {
      "predicate": {
        "custom_model_data": 38
      },
      "model": "itemsadder:auto_generated/cooked_tuna"
    },
    {
      "predicate": {
        "custom_model_data": 39
      },
      "model": "itemsadder:auto_generated/sliced_raw_beef"
    },
    {
      "predicate": {
        "custom_model_data": 40
      },
      "model": "itemsadder:auto_generated/sliced_roast_beef"
    },
    {
      "predicate": {
        "custom_model_data": 41
      },
      "model": "itemsadder:auto_generated/sliced_bread_with_sweet_berries_jam"
    },
    {
      "predicate": {
        "custom_model_data": 42
      },
      "model": "itemsadder:auto_generated/sliced_bread_with_pear_jam"
    },
    {
      "predicate": {
        "custom_model_data": 43
      },
      "model": "itemsadder:auto_generated/sliced_bread_with_apple_jam"
    }
  ]
}