{
  "parent": "item/generated",
  "textures": {
    "layer0": "item/diamond_hoe"
  },
  "overrides": [
    {
      "predicate": {
        "custom_model_data": 1
      },
      "model": "itemsadder:auto_generated/spear_wood"
    },
    {
      "predicate": {
        "custom_model_data": 2
      },
      "model": "itemsadder:auto_generated/spear_gold"
    },
    {
      "predicate": {
        "custom_model_data": 3
      },
      "model": "itemsadder:auto_generated/spear_iron"
    },
    {
      "predicate": {
        "custom_model_data": 4
      },
      "model": "itemsadder:auto_generated/spear_stone"
    },
    {
      "predicate": {
        "custom_model_data": 5
      },
      "model": "itemsadder:auto_generated/spear_diamond"
    },
    {
      "predicate": {
        "custom_model_data": 6
      },
      "model": "itemsadder:auto_generated/spear_netherite"
    },
    {
      "predicate": {
        "custom_model_data": 7
      },
      "model": "itemsadder:auto_generated/spear_amatista"
    },
    {
      "predicate": {
        "custom_model_data": 8
      },
      "model": "itemsadder:auto_generated/spear_acero"
    },
    {
      "predicate": {
        "custom_model_data": 9
      },
      "model": "itemsadder:auto_generated/bronze_ingot"
    },
    {
      "predicate": {
        "custom_model_data": 10
      },
      "model": "itemsadder:auto_generated/mysterious_material"
    },
    {
      "predicate": {
        "custom_model_data": 11
      },
      "model": "itemsadder:auto_generated/end_shard"
    },
    {
      "predicate": {
        "custom_model_data": 12
      },
      "model": "itemsadder:auto_generated/end_crystals"
    },
    {
      "predicate": {
        "custom_model_data": 13
      },
      "model": "itemsadder:auto_generated/end_ingot"
    },
    {
      "predicate": {
        "custom_model_data": 14
      },
      "model": "itemsadder:auto_generated/knowledge_fragment"
    },
    {
      "predicate": {
        "custom_model_data": 15
      },
      "model": "itemsadder:auto_generated/coal_nugget"
    },
    {
      "predicate": {
        "custom_model_data": 16
      },
      "model": "itemsadder:auto_generated/acero"
    },
    {
      "predicate": {
        "custom_model_data": 17
      },
      "model": "itemsadder:auto_generated/aluminio"
    },
    {
      "predicate": {
        "custom_model_data": 18
      },
      "model": "itemsadder:auto_generated/gasolina"
    },
    {
      "predicate": {
        "custom_model_data": 19
      },
      "model": "itemsadder:auto_generated/petroleo"
    },
    {
      "predicate": {
        "custom_model_data": 20
      },
      "model": "itemsadder:auto_generated/placadeoro"
    },
    {
      "predicate": {
        "custom_model_data": 21
      },
      "model": "itemsadder:auto_generated/placadecarbon"
    }
  ]
}