{
  "parent": "item/handheld",
  "textures": {
    "layer0": "item/diamond_pickaxe"
  },
  "overrides": [
    {
      "predicate": {
        "custom_model_data": 1
      },
      "model": "itemsadder:auto_generated/astral_pickaxe"
    },
    {
      "predicate": {
        "custom_model_data": 2
      },
      "model": "itemsadder:auto_generated/diamond_hammer"
    },
    {
      "predicate": {
        "custom_model_data": 3
      },
      "model": "itemsadder:auto_generated/demoniac_pickaxe"
    },
    {
      "predicate": {
        "custom_model_data": 4
      },
      "model": "itemsadder:auto_generated/ruby_pickaxe"
    },
    {
      "predicate": {
        "custom_model_data": 5
      },
      "model": "itemsadder:auto_generated/spinel_pickaxe"
    },
    {
      "predicate": {
        "custom_model_data": 6
      },
      "model": "itemsadder:auto_generated/turquoise_pickaxe"
    },
    {
      "predicate": {
        "custom_model_data": 7
      },
      "model": "itemsadder:auto_generated/aqua_pickaxe"
    },
    {
      "predicate": {
        "custom_model_data": 8
      },
      "model": "itemsadder:auto_generated/amethyst_pickaxe"
    },
    {
      "predicate": {
        "custom_model_data": 9
      },
      "model": "itemsadder:auto_generated/bronze_pickaxe"
    },
    {
      "predicate": {
        "custom_model_data": 10
      },
      "model": "itemsadder:auto_generated/demoniac_hammer"
    }
  ]
}