{
	"credit": "Made with Blockbench",
	"textures": {
		"0": "custom/handlewrap",
		"1": "custom/pommel",
		"2": "custom/hilt",
		"3": "custom/blade",
		"particle": "custom/handlewrap"
	},
	"elements": [
		{
			"from": [7.4, 0, 7.4],
			"to": [8.6, 1.5, 8.6],
			"faces": {
				"north": {"uv": [0, 0, 16, 16], "texture": "#1"},
				"east": {"uv": [0, 0, 16, 16], "texture": "#1"},
				"south": {"uv": [0, 0, 16, 16], "texture": "#1"},
				"west": {"uv": [0, 0, 16, 16], "texture": "#1"},
				"up": {"uv": [0, 0, 16, 16], "texture": "#1"},
				"down": {"uv": [0, 0, 2, 16], "texture": "#1"}
			}
		},
		{
			"from": [7.45, 1.5, 7.5],
			"to": [8.55, 9, 8.5],
			"faces": {
				"north": {"uv": [0, 0, 6, 16], "texture": "#0"},
				"east": {"uv": [0, 0, 6, 16], "texture": "#0"},
				"south": {"uv": [0, 0, 6, 16], "texture": "#0"},
				"west": {"uv": [0, 0, 6, 16], "texture": "#0"},
				"up": {"uv": [0, 0, 6, 16], "texture": "#0"},
				"down": {"uv": [0, 0, 6, 16], "texture": "#0"}
			}
		},
		{
			"from": [8.55, 0, 7.5],
			"to": [8.75, 1.5, 8.5],
			"faces": {
				"north": {"uv": [0, 0, 16, 16], "texture": "#1"},
				"east": {"uv": [0, 0, 16, 16], "texture": "#1"},
				"south": {"uv": [0, 0, 16, 16], "texture": "#1"},
				"west": {"uv": [0, 0, 16, 16], "texture": "#1"},
				"up": {"uv": [0, 0, 0.2, 1], "texture": "#1"},
				"down": {"uv": [0, 0, 0.2, 1], "texture": "#1"}
			}
		},
		{
			"from": [7.2, 0, 7.5],
			"to": [7.4, 1.5, 8.5],
			"faces": {
				"north": {"uv": [0, 0, 16, 16], "texture": "#1"},
				"east": {"uv": [0, 0, 16, 16], "texture": "#1"},
				"south": {"uv": [0, 0, 16, 16], "texture": "#1"},
				"west": {"uv": [0, 0, 16, 16], "texture": "#1"},
				"up": {"uv": [0, 0, 16, 16], "texture": "#1"},
				"down": {"uv": [0, 0, 0.2, 1], "texture": "#1"}
			}
		},
		{
			"from": [7, 9, 3.15],
			"to": [9, 10, 12.85],
			"faces": {
				"north": {"uv": [0, 0, 3, 2], "texture": "#2"},
				"east": {"uv": [0, 0, 16, 16], "texture": "#2"},
				"south": {"uv": [0, 0, 2, 3], "texture": "#2"},
				"west": {"uv": [0, 0, 16, 16], "texture": "#2"},
				"up": {"uv": [0, 0, 0, 16], "texture": "#2"},
				"down": {"uv": [0, 0, 0, 16], "texture": "#2"}
			}
		},
		{
			"from": [7, 10, 8.75],
			"to": [9, 12, 10.75],
			"faces": {
				"north": {"uv": [0, 0, 16, 16], "texture": "#2"},
				"east": {"uv": [0, 0, 2, 2], "texture": "#2"},
				"south": {"uv": [0, 0, 16, 16], "texture": "#2"},
				"west": {"uv": [0, 0, 2, 2], "texture": "#2"},
				"up": {"uv": [0, 0, 16, 16], "texture": "#2"},
				"down": {"uv": [0, 0, 16, 16], "texture": "#2"}
			}
		},
		{
			"from": [6.7, 10, 7.25],
			"to": [9.35, 12, 8.75],
			"faces": {
				"north": {"uv": [0, 0, 16, 16], "texture": "#2"},
				"east": {"uv": [0, 0, 16, 16], "texture": "#2"},
				"south": {"uv": [0, 0, 16, 16], "texture": "#2"},
				"west": {"uv": [0, 0, 16, 16], "texture": "#2"},
				"up": {"uv": [0, 0, 16, 16], "texture": "#2"},
				"down": {"uv": [0, 0, 16, 16], "texture": "#2"}
			}
		},
		{
			"from": [7, 10, 5.25],
			"to": [9, 12, 7.25],
			"faces": {
				"north": {"uv": [0, 0, 16, 16], "texture": "#2"},
				"east": {"uv": [0, 0, 2, 2], "texture": "#2"},
				"south": {"uv": [0, 0, 2, 2], "texture": "#2"},
				"west": {"uv": [0, 0, 2, 2], "texture": "#2"},
				"up": {"uv": [0, 0, 16, 16], "texture": "#2"},
				"down": {"uv": [0, 0, 16, 16], "texture": "#2"}
			}
		},
		{
			"from": [7, 12, 6],
			"to": [9, 13.5, 10],
			"faces": {
				"north": {"uv": [0, 0, 16, 16], "texture": "#2"},
				"east": {"uv": [0, 0, 16, 16], "texture": "#2"},
				"south": {"uv": [0, 0, 16, 16], "texture": "#2"},
				"west": {"uv": [0, 0, 16, 16], "texture": "#2"},
				"up": {"uv": [0, 0, 16, 16], "texture": "#2"},
				"down": {"uv": [0, 0, 16, 16], "texture": "#2"}
			}
		},
		{
			"from": [7.25, 10, 3.75],
			"to": [8.75, 29, 12.25],
			"faces": {
				"north": {"uv": [0, 0, 16, 0], "texture": "#3"},
				"east": {"uv": [0, 0, 16, 16], "texture": "#3"},
				"south": {"uv": [0, 0, 16, 0], "texture": "#3"},
				"west": {"uv": [0, 0, 16, 16], "texture": "#3"},
				"up": {"uv": [0, 0, 1.5, 8.5], "texture": "#3"},
				"down": {"uv": [0, 0, 1.5, 8.5], "texture": "#3"}
			}
		},
		{
			"from": [7.5, 10, 12.25],
			"to": [8.5, 29, 12.75],
			"faces": {
				"north": {"uv": [0, 0, 1, 16], "texture": "#3"},
				"east": {"uv": [14, 0, 16, 16], "texture": "#3"},
				"south": {"uv": [0, 0, 1, 16], "texture": "#3"},
				"west": {"uv": [14, 0, 16, 16], "texture": "#3"},
				"up": {"uv": [0, 0, 1, 9.5], "texture": "#3"},
				"down": {"uv": [0, 0, 1, 9.5], "texture": "#3"}
			}
		},
		{
			"from": [7.5, 10, 3.25],
			"to": [8.5, 29, 3.75],
			"faces": {
				"north": {"uv": [0, 0, 1, 16], "texture": "#3"},
				"east": {"uv": [14, 0, 16, 16], "texture": "#3"},
				"south": {"uv": [0, 0, 1, 16], "texture": "#3"},
				"west": {"uv": [14, 0, 16, 16], "texture": "#3"},
				"up": {"uv": [0, 0, 1, 9.5], "texture": "#3"},
				"down": {"uv": [0, 0, 1, 9.5], "texture": "#3"}
			}
		},
		{
			"from": [7.3, 29, 4.75],
			"to": [8.75, 30.95, 11.25],
			"faces": {
				"north": {"uv": [0, 0, 1.45, 1.95], "texture": "#3"},
				"east": {"uv": [0, 0, 16, 7], "texture": "#3"},
				"south": {"uv": [0, 0, 1.45, 1.95], "texture": "#3"},
				"west": {"uv": [0, 0, 16, 7], "texture": "#3"},
				"up": {"uv": [0, 0, 16, 16], "texture": "#3"},
				"down": {"uv": [0, 0, 1.45, 6.5], "texture": "#3"}
			}
		},
		{
			"from": [7.55, 29, 11],
			"to": [8.5, 30.95, 12],
			"faces": {
				"north": {"uv": [0, 0, 0.95, 1.95], "texture": "#3"},
				"east": {"uv": [14, 0, 16, 16], "texture": "#3"},
				"south": {"uv": [0, 0, 0.95, 1.95], "texture": "#3"},
				"west": {"uv": [14, 0, 16, 16], "texture": "#3"},
				"up": {"uv": [0, 0, 0.95, 8], "texture": "#3"},
				"down": {"uv": [0, 0, 0.95, 8], "texture": "#3"}
			}
		},
		{
			"from": [7.55, 29, 4],
			"to": [8.5, 30.95, 5],
			"faces": {
				"north": {"uv": [0, 0, 0.95, 1.95], "texture": "#3"},
				"east": {"uv": [14, 0, 16, 16], "texture": "#3"},
				"south": {"uv": [0, 0, 0.95, 1.95], "texture": "#3"},
				"west": {"uv": [14, 0, 16, 16], "texture": "#3"},
				"up": {"uv": [0, 0, 0.95, 8], "texture": "#3"},
				"down": {"uv": [0, 0, 0.95, 8], "texture": "#3"}
			}
		},
		{
			"from": [7.55, 30.8, 4.75],
			"to": [8.5, 31.7, 11.25],
			"faces": {
				"north": {"uv": [0, 0, 0.95, 0.9], "texture": "#3"},
				"east": {"uv": [0, 0, 0, 16], "texture": "#3"},
				"south": {"uv": [0, 0, 0.95, 0.9], "texture": "#3"},
				"west": {"uv": [0, 0, 0, 16], "texture": "#3"},
				"up": {"uv": [0, 0, 0.95, 6.5], "texture": "#3"},
				"down": {"uv": [0, 0, 0.95, 6.5], "texture": "#3"}
			}
		}
	],
	"gui_light": "front",
	"display": {
		"thirdperson_righthand": {
			"translation": [0, 0, 1.5],
			"scale": [0.82, 1.83, 1]
		},
		"thirdperson_lefthand": {
			"translation": [0, 0, 1.5],
			"scale": [0.82, 1.83, 1]
		},
		"firstperson_righthand": {
			"rotation": [-10, 0, 0],
			"translation": [-0.25, 0, -0.75],
			"scale": [1, 1.83, 1]
		},
		"firstperson_lefthand": {
			"rotation": [-10, 0, 0],
			"translation": [-1.25, 0, -0.75],
			"scale": [1, 1.83, 1]
		},
		"ground": {
			"rotation": [90, 0, 0],
			"translation": [0, 7.5, 0],
			"scale": [1, 1.83, 1]
		},
		"gui": {
			"rotation": [8, 90, 173],
			"translation": [0.25, 4, 0.25],
			"scale": [0.85, 0.49, 0.4]
		},
		"head": {
			"scale": [4, 0.53, 1]
		},
		"fixed": {
			"rotation": [0, -90, -180],
			"translation": [0, 12, -2.75],
			"scale": [1, 1.83, 1]
		}
	},
	"groups": [
		{
			"name": "handle",
			"origin": [8, 8, 8],
			"children": [0, 1, 2, 3]
		},
		{
			"name": "bladep1",
			"origin": [8, 8, 8],
			"children": [4, 5, 6, 7, 8]
		},
		{
			"name": "bladep2",
			"origin": [8, 8, 8],
			"children": []
		}, 9, 10, 11, 12, 13, 14, 15]
}