{
    "__comment": "Model generated using MrCrayfish's Model Creator (https://mrcrayfish.com/tools?id=mc)",
    "textures": {
        "gold_block": "minecraft:block/gold_block"
    },
    "display": {
        "gui": {
            "rotation": [ 90, 0, 0 ],
            "translation": [ 0, 0, 0 ],
            "scale": [ 1, 1, 1 ]
        },
        "ground": {
            "rotation": [ 0, 0, 0 ],
            "translation": [ 0, 3, 0 ],
            "scale": [ 0.25, 0.25, 0.25 ]
        },
        "fixed": {
            "rotation": [ 0, 180, 0 ],
            "translation": [ 0, 3, 0 ],
            "scale": [ 1, 1, 1 ]
        },
        "head": {
            "rotation": [ 0, 180, 0 ],
            "translation": [ 0, 24, 0 ],
            "scale": [ 1.8, 1.8, 1.8 ]
        },
        "firstperson_righthand": {
            "rotation": [ 0, 315, 0 ],
            "translation": [ 0, 2.5, 0 ],
            "scale": [ 0.4, 0.4, 0.4 ]
        },
        "thirdperson_righthand": {
            "rotation": [ 0, 177, 0 ],
            "translation": [ 0, -0.5, 0 ],
            "scale": [ 0.375, 0.375, 0.375 ]
        }
    },
    "elements": [
        {
            "name": "Cube",
            "from": [ 4, 0, 3 ], 
            "to": [ 12, 1, 4 ], 
            "faces": {
                "north": { "texture": "#gold_block", "uv": [ 0, 0, 8, 1 ] },
                "east": { "texture": "#gold_block", "uv": [ 0, 0, 1, 1 ] },
                "south": { "texture": "#gold_block", "uv": [ 0, 0, 8, 1 ] },
                "west": { "texture": "#gold_block", "uv": [ 0, 0, 1, 1 ] },
                "up": { "texture": "#gold_block", "uv": [ 0, 0, 8, 1 ] },
                "down": { "texture": "#gold_block", "uv": [ 0, 0, 8, 1 ] }
            }
        },
        {
            "name": "Cube",
            "from": [ 4, 0, 12 ], 
            "to": [ 12, 1, 13 ], 
            "faces": {
                "north": { "texture": "#gold_block", "uv": [ 0, 0, 8, 1 ] },
                "east": { "texture": "#gold_block", "uv": [ 0, 0, 1, 1 ] },
                "south": { "texture": "#gold_block", "uv": [ 0, 0, 8, 1 ] },
                "west": { "texture": "#gold_block", "uv": [ 0, 0, 1, 1 ] },
                "up": { "texture": "#gold_block", "uv": [ 0, 0, 8, 1 ] },
                "down": { "texture": "#gold_block", "uv": [ 0, 0, 8, 1 ] }
            }
        },
        {
            "name": "Cube",
            "from": [ 3, 0, 4 ], 
            "to": [ 4, 1, 12 ], 
            "faces": {
                "north": { "texture": "#gold_block", "uv": [ 0, 0, 1, 1 ] },
                "east": { "texture": "#gold_block", "uv": [ 0, 0, 8, 1 ] },
                "south": { "texture": "#gold_block", "uv": [ 0, 0, 1, 1 ] },
                "west": { "texture": "#gold_block", "uv": [ 0, 0, 8, 1 ] },
                "up": { "texture": "#gold_block", "uv": [ 0, 0, 1, 8 ] },
                "down": { "texture": "#gold_block", "uv": [ 0, 0, 1, 8 ] }
            }
        },
        {
            "name": "Cube",
            "from": [ 12, 0, 4 ], 
            "to": [ 13, 1, 12 ], 
            "faces": {
                "north": { "texture": "#gold_block", "uv": [ 0, 0, 1, 1 ] },
                "east": { "texture": "#gold_block", "uv": [ 0, 0, 8, 1 ] },
                "south": { "texture": "#gold_block", "uv": [ 0, 0, 1, 1 ] },
                "west": { "texture": "#gold_block", "uv": [ 0, 0, 8, 1 ] },
                "up": { "texture": "#gold_block", "uv": [ 0, 0, 1, 8 ] },
                "down": { "texture": "#gold_block", "uv": [ 0, 0, 1, 8 ] }
            }
        }
    ]
}