{
  "parent": "item/generated",
  "textures": {
    "layer0": "item/feather"
  },
  "overrides": [
    {
      "predicate": {
        "custom_model_data": 1
      },
      "model": "itemsadder:item/deadmau5_hat"
    },
    {
      "predicate": {
        "custom_model_data": 2
      },
      "model": "itemsadder:item/top_hat"
    },
    {
      "predicate": {
        "custom_model_data": 3
      },
      "model": "itemsadder:item/welding_mask"
    },
    {
      "predicate": {
        "custom_model_data": 4
      },
      "model": "itemsadder:item/mining_helmet"
    },
    {
      "predicate": {
        "custom_model_data": 5
      },
      "model": "itemsadder:item/dog_mask"
    },
    {
      "predicate": {
        "custom_model_data": 6
      },
      "model": "itemsadder:item/ruby_pickaxe_hat"
    },
    {
      "predicate": {
        "custom_model_data": 7
      },
      "model": "itemsadder:item/straw_hat"
    },
    {
      "predicate": {
        "custom_model_data": 8
      },
      "model": "itemsadder:item/cool_sunglasses"
    },
    {
      "predicate": {
        "custom_model_data": 9
      },
      "model": "itemsadder:item/cigar"
    },
    {
      "predicate": {
        "custom_model_data": 10
      },
      "model": "itemsadder:item/glasses"
    },
    {
      "predicate": {
        "custom_model_data": 11
      },
      "model": "itemsadder:item/biker_helmet"
    },
    {
      "predicate": {
        "custom_model_data": 12
      },
      "model": "itemsadder:item/cat_ears"
    },
    {
      "predicate": {
        "custom_model_data": 13
      },
      "model": "itemsadder:item/mysterious_hood"
    },
    {
      "predicate": {
        "custom_model_data": 14
      },
      "model": "itemsadder:item/demoniac_red_wings"
    },
    {
      "predicate": {
        "custom_model_data": 15
      },
      "model": "itemsadder:item/demoniac_turquoise_wings"
    },
    {
      "predicate": {
        "custom_model_data": 16
      },
      "model": "itemsadder:item/demoniac_purple_wings"
    },
    {
      "predicate": {
        "custom_model_data": 17
      },
      "model": "itemsadder:item/demoniac_blue_wings"
    },
    {
      "predicate": {
        "custom_model_data": 18
      },
      "model": "itemsadder:item/demoniac_black_wings"
    },
    {
      "predicate": {
        "custom_model_data": 19
      },
      "model": "itemsadder:item/all_black_cat_tail"
    },
    {
      "predicate": {
        "custom_model_data": 20
      },
      "model": "itemsadder:item/black_cat_tail"
    },
    {
      "predicate": {
        "custom_model_data": 21
      },
      "model": "itemsadder:item/white_cat_tail"
    },
    {
      "predicate": {
        "custom_model_data": 22
      },
      "model": "itemsadder:item/ender_dragon_wings"
    },
    {
      "predicate": {
        "custom_model_data": 23
      },
      "model": "itemsadder:item/red_backpack"
    },
    {
      "predicate": {
        "custom_model_data": 24
      },
      "model": "itemsadder:item/turquoise_backpack"
    },
    {
      "predicate": {
        "custom_model_data": 25
      },
      "model": "itemsadder:item/purple_backpack"
    },
    {
      "predicate": {
        "custom_model_data": 26
      },
      "model": "itemsadder:item/blue_backpack"
    },
    {
      "predicate": {
        "custom_model_data": 27
      },
      "model": "itemsadder:item/black_backpack"
    },
    {
      "predicate": {
        "custom_model_data": 28
      },
      "model": "itemsadder:item/brown_backpack"
    },
    {
      "predicate": {
        "custom_model_data": 29
      },
      "model": "itemsadder:item/jack_o_lantern_backpack"
    },
    {
      "predicate": {
        "custom_model_data": 30
      },
      "model": "itemsadder:item/dark_jack_o_lantern_backpack"
    },
    {
      "predicate": {
        "custom_model_data": 31
      },
      "model": "itemsadder:item/spider_backpack"
    },
    {
      "predicate": {
        "custom_model_data": 32
      },
      "model": "itemsadder:item/cave_spider_backpack"
    },
    {
      "predicate": {
        "custom_model_data": 33
      },
      "model": "itemsadder:item/bones_backpack"
    },
    {
      "predicate": {
        "custom_model_data": 34
      },
      "model": "itemsadder:item/witch_hat"
    },
    {
      "predicate": {
        "custom_model_data": 35
      },
      "model": "itemsadder:item/bat_wings"
    },
    {
      "predicate": {
        "custom_model_data": 36
      },
      "model": "itemsadder:item/axe_hat"
    },
    {
      "predicate": {
        "custom_model_data": 37
      },
      "model": "itemsadder:item/santa_hat"
    }
  ]
}