{
    "__comment": "Model generated using MrCrayfish's Model Creator (https://mrcrayfish.com/tools?id=mc)",
    "textures": {
        "gold_block": "minecraft:block/gold_block",
        "red_terracotta": "minecraft:block/red_terracotta",
        "green_terracotta": "minecraft:block/green_terracotta",
        "purple_terracotta": "minecraft:block/purple_terracotta",
        "blue_terracotta": "minecraft:block/blue_terracotta"
    },
    "display": {
        "gui": {
            "rotation": [ 30, 225, 0 ],
            "translation": [ 0, 0, 0 ],
            "scale": [ 0.625, 0.625, 0.625 ]
        },
        "ground": {
            "rotation": [ 0, 0, 0 ],
            "translation": [ 0, 3, 0 ],
            "scale": [ 0.5, 0.5, 0.5 ]
        },
        "fixed": {
            "rotation": [ 0, 0, 0 ],
            "translation": [ 0, 0, 0 ],
            "scale": [ 0.5, 0.5, 0.5 ]
        },
        "firstperson_righthand": {
            "rotation": [ 270, 99, 0 ],
            "translation": [ 0, 2.5, 0.96 ],
            "scale": [ 0.5, 0.5, 0.5 ]
        },
        "thirdperson_righthand": {
            "rotation": [ 270, 180, 0 ],
            "translation": [ -0.3, -2.3, -1 ],
            "scale": [ 0.7, 0.7, 0.7 ]
		},
        "thirdperson_lefthand": {
            "rotation": [ 270, 180, 0 ],
            "translation": [ 0.3, -2.3, -1 ],
            "scale": [ 0.7, 0.7, 0.7 ]
        }
    },
    "elements": [
        {
            "name": "1",
            "from": [ 3, 0, 3 ], 
            "to": [ 12, 1, 12 ], 
            "faces": {
                "north": { "texture": "#gold_block", "uv": [ 0, 0, 9, 1 ] },
                "east": { "texture": "#gold_block", "uv": [ 0, 0, 9, 1 ] },
                "south": { "texture": "#gold_block", "uv": [ 0, 0, 9, 1 ] },
                "west": { "texture": "#gold_block", "uv": [ 0, 0, 9, 1 ] },
                "up": { "texture": "#gold_block", "uv": [ 0, 0, 9, 9 ] },
                "down": { "texture": "#gold_block", "uv": [ 4, 7, 13, 16 ] }
            }
        },
        {
            "name": "2",
            "from": [ 4, 1, 4 ], 
            "to": [ 11, 8, 11 ], 
            "faces": {
                "north": { "texture": "#gold_block", "uv": [ 7, 9, 14, 16 ] },
                "east": { "texture": "#gold_block", "uv": [ 8, 8, 15, 15 ] },
                "south": { "texture": "#gold_block", "uv": [ 8, 8, 15, 15 ] },
                "west": { "texture": "#gold_block", "uv": [ 6, 9, 13, 16 ] },
                "up": { "texture": "#gold_block", "uv": [ 6, 5, 13, 12 ] }
            }
        },
        {
            "name": "Stein1",
            "from": [ 9, 5, 3 ], 
            "to": [ 10, 6, 4 ], 
            "faces": {
                "north": { "texture": "#purple_terracotta", "uv": [ 0, 0, 1, 1 ] },
                "east": { "texture": "#purple_terracotta", "uv": [ 0, 0, 1, 1 ] },
                "west": { "texture": "#purple_terracotta", "uv": [ 0, 0, 1, 1 ] },
                "up": { "texture": "#purple_terracotta", "uv": [ 0, 0, 1, 1 ] },
                "down": { "texture": "#purple_terracotta", "uv": [ 0, 0, 1, 1 ] }
            }
        },
        {
            "name": "Stein2",
            "from": [ 5, 5, 3 ], 
            "to": [ 6, 6, 4 ], 
            "faces": {
                "north": { "texture": "#red_terracotta", "uv": [ 0, 0, 1, 1 ] },
                "east": { "texture": "#red_terracotta", "uv": [ 0, 0, 1, 1 ] },
                "west": { "texture": "#red_terracotta", "uv": [ 0, 0, 1, 1 ] },
                "up": { "texture": "#red_terracotta", "uv": [ 0, 0, 1, 1 ] },
                "down": { "texture": "#red_terracotta", "uv": [ 0, 0, 1, 1 ] }
            }
        },
        {
            "name": "Stein3",
            "from": [ 7, 5, 3 ], 
            "to": [ 8, 6, 4 ], 
            "faces": {
                "north": { "texture": "#blue_terracotta", "uv": [ 0, 0, 1, 1 ] },
                "east": { "texture": "#blue_terracotta", "uv": [ 0, 0, 1, 1 ] },
                "west": { "texture": "#blue_terracotta", "uv": [ 0, 0, 1, 1 ] },
                "up": { "texture": "#blue_terracotta", "uv": [ 0, 0, 1, 1 ] },
                "down": { "texture": "#blue_terracotta", "uv": [ 0, 0, 1, 1 ] }
            }
        },
        {
            "name": "Stein4",
            "from": [ 6, 2, 3 ], 
            "to": [ 9, 4, 4 ], 
            "faces": {
                "north": { "texture": "#green_terracotta", "uv": [ 0, 0, 3, 2 ] },
                "east": { "texture": "#green_terracotta", "uv": [ 0, 0, 1, 2 ] },
                "west": { "texture": "#green_terracotta", "uv": [ 0, 0, 1, 2 ] },
                "up": { "texture": "#green_terracotta", "uv": [ 0, 0, 3, 1 ] },
                "down": { "texture": "#green_terracotta", "uv": [ 0, 0, 3, 1 ] }
            }
        }
    ]
}