{
  "parent": "item/handheld",
  "textures": {
    "layer0": "item/golden_sword"
  },
  "overrides": [
    {
      "predicate": {
        "custom_model_data": 1
      },
      "model": "itemsadder:item/revolver"
    },
    {
      "predicate": {
        "custom_model_data": 2
      },
      "model": "itemsadder:item/hand_gun"
    },
    {
      "predicate": {
        "custom_model_data": 3
      },
      "model": "itemsadder:item/ak47"
    },
    {
      "predicate": {
        "custom_model_data": 4
      },
      "model": "itemsadder:auto_generated/ruby_dagger"
    }
  ]
}