{
    "__comment": "Model generated using MrCrayfish's Model Creator (https://mrcrayfish.com/tools?id=mc)",
    "textures": {
        "particle": "minecraft:block/black_terracotta",
        "texture": "minecraft:block/black_terracotta"
    },
    "display": {
        "gui": {
            "rotation": [ 0, 0, 0 ],
            "translation": [ 2, -2, 0 ],
            "scale": [ 0.5, 0.5, 0.5 ]
        },
        "ground": {
            "rotation": [ 0, 0, 0 ],
            "translation": [ 0, 6.261, 0 ],
            "scale": [ 0.5, 0.5, 0.5 ]
        },
        "fixed": {
            "rotation": [ 0, 0, 0 ],
            "translation": [ 0, -2, 0 ],
            "scale": [ 0.5, 0.5, 0.5 ]
        },
        "head": {
            "rotation": [ 0, -90, 0 ],
            "translation": [ 0, 12.7, -0.5 ],
            "scale": [ 0.8, 0.8, 0.8 ]
        },
        "firstperson_righthand": {
            "rotation": [ 0, 0, 0 ],
            "translation": [ 0, 2.783, 0 ],
            "scale": [ 0.2, 0.2, 0.2 ]
        },
        "thirdperson_righthand": {
            "rotation": [ 0, 0, 0 ],
            "translation": [ 0, 0, 0 ],
            "scale": [ 0.2, 0.2, 0.2 ]
        }
    },
    "elements": [
        {
            "name": "Element",
            "from": [ -9, 0, 0 ], 
            "to": [ 17, 2, 16 ], 
            "shade": false,
            "faces": {
                "north": { "texture": "#texture", "uv": [ 0, 16, 16, 16 ] },
                "south": { "texture": "#texture", "uv": [ 0, 16, 16, 16 ] },
                "west": { "texture": "#texture", "uv": [ 0, 16, 15, 16 ] },
                "up": { "texture": "#texture", "uv": [ 0, 0, 16, 15 ] },
                "down": { "texture": "#texture", "uv": [ 0, 1, 16, 16 ] }
            }
        },
        {
            "name": "Element",
            "from": [ 0, 0, 0 ], 
            "to": [ 17, 8, 16 ], 
            "shade": false,
            "faces": {
                "north": { "texture": "#texture", "uv": [ 0, 10.5, 12.5, 16 ] },
                "east": { "texture": "#texture", "uv": [ 1, 10.5, 16, 16 ] },
                "south": { "texture": "#texture", "uv": [ 3.5, 10.5, 16, 16 ] },
                "west": { "texture": "#texture", "uv": [ 0, 10.5, 15, 16 ] },
                "up": { "texture": "#texture", "uv": [ 3.5, 0, 16, 15 ] }
            }
        }
    ]
}