{
  "parent": "item/handheld",
  "textures": {
    "layer0": "item/netherite_sword"
  },
  "overrides": [
    {
      "predicate": {
        "custom_model_data": 1
      },
      "model": "example:auto_generated/example_item"
    },
    {
      "predicate": {
        "custom_model_data": 2
      },
      "model": "itemsadder:item/closed_lightsaber"
    },
    {
      "predicate": {
        "custom_model_data": 3
      },
      "model": "itemsadder:item/blue_lightsaber"
    },
    {
      "predicate": {
        "custom_model_data": 4
      },
      "model": "itemsadder:item/green_lightsaber"
    },
    {
      "predicate": {
        "custom_model_data": 5
      },
      "model": "itemsadder:item/red_lightsaber"
    },
    {
      "predicate": {
        "custom_model_data": 6
      },
      "model": "itemsadder:item/masters_sword"
    },
    {
      "predicate": {
        "custom_model_data": 7
      },
      "model": "itemsadder:item/floating_sword"
    },
    {
      "predicate": {
        "custom_model_data": 8
      },
      "model": "itemsadder:auto_generated/emerald_sword"
    },
    {
      "predicate": {
        "custom_model_data": 9
      },
      "model": "itemsadder:auto_generated/elucidator_sword"
    },
    {
      "predicate": {
        "custom_model_data": 10
      },
      "model": "itemsadder:auto_generated/repulser_sword"
    },
    {
      "predicate": {
        "custom_model_data": 11
      },
      "model": "itemsadder:item/firesword_sword"
    },
    {
      "predicate": {
        "custom_model_data": 12
      },
      "model": "itemsadder:auto_generated/aqualight_sword"
    },
    {
      "predicate": {
        "custom_model_data": 13
      },
      "model": "itemsadder:auto_generated/rusteroth_sword"
    },
    {
      "predicate": {
        "custom_model_data": 14
      },
      "model": "itemsadder:auto_generated/bloodnite_sword"
    },
    {
      "predicate": {
        "custom_model_data": 15
      },
      "model": "itemsadder:auto_generated/vyderlight_sword"
    },
    {
      "predicate": {
        "custom_model_data": 16
      },
      "model": "itemsadder:auto_generated/ruby_sword"
    },
    {
      "predicate": {
        "custom_model_data": 17
      },
      "model": "itemsadder:auto_generated/spinel_sword"
    },
    {
      "predicate": {
        "custom_model_data": 18
      },
      "model": "itemsadder:auto_generated/turquoise_sword"
    },
    {
      "predicate": {
        "custom_model_data": 19
      },
      "model": "itemsadder:auto_generated/aqua_sword"
    },
    {
      "predicate": {
        "custom_model_data": 20
      },
      "model": "itemsadder:auto_generated/amethyst_sword"
    },
    {
      "predicate": {
        "custom_model_data": 21
      },
      "model": "itemsadder:auto_generated/mysterious_sword"
    },
    {
      "predicate": {
        "custom_model_data": 22
      },
      "model": "itemsadder:auto_generated/end_sword"
    },
    {
      "predicate": {
        "custom_model_data": 23
      },
      "model": "itemsadder:auto_generated/bronze_sword"
    },
    {
      "predicate": {
        "custom_model_data": 24
      },
      "model": "itemsadder:auto_generated/venti"
    },
    {
      "predicate": {
        "custom_model_data": 25
      },
      "model": "itemsadder:auto_generated/diluc"
    }
  ]
}