{
  "parent": "item/generated",
  "textures": {
    "layer0": "item/shears"
  },
  "overrides": [
    {
      "predicate": {
        "custom_model_data": 1
      },
      "model": "itemsadder:auto_generated/black_shears"
    },
    {
      "predicate": {
        "custom_model_data": 2
      },
      "model": "itemsadder:auto_generated/red_shears"
    },
    {
      "predicate": {
        "custom_model_data": 3
      },
      "model": "itemsadder:auto_generated/green_shears"
    },
    {
      "predicate": {
        "custom_model_data": 4
      },
      "model": "itemsadder:auto_generated/blue_shears"
    },
    {
      "predicate": {
        "custom_model_data": 5
      },
      "model": "itemsadder:auto_generated/purple_shears"
    },
    {
      "predicate": {
        "custom_model_data": 6
      },
      "model": "itemsadder:auto_generated/cyan_shears"
    }
  ]
}