{
	"credit": "Made with Blockbench",
	"textures": {
		"0": "custom/handle1",
		"2": "custom/tsuba1",
		"3": "custom/blade1",
		"particle": "custom/handle1"
	},
	"elements": [
		{
			"from": [7.6, 0, 7.5],
			"to": [8.4, 7, 8.5],
			"faces": {
				"north": {"uv": [0, 0, 2, 16], "texture": "#0"},
				"east": {"uv": [0, 0, 16, 16], "texture": "#0"},
				"south": {"uv": [0, 0, 2, 16], "texture": "#0"},
				"west": {"uv": [0, 0, 16, 16], "texture": "#0"},
				"up": {"uv": [0, 0, 0.8, 1], "texture": "#0"},
				"down": {"uv": [0, 0, 0.8, 1], "texture": "#0"}
			}
		},
		{
			"from": [6.2, 7, 6.81111],
			"to": [9.8, 7.4, 9.81111],
			"rotation": {"angle": 0, "axis": "y", "origin": [8.03056, 7.2, 8.90556]},
			"faces": {
				"north": {"uv": [15, 0, 16, 16], "rotation": 180, "texture": "#2"},
				"east": {"uv": [15, 0, 16, 16], "rotation": 180, "texture": "#2"},
				"south": {"uv": [15, 0, 16, 16], "rotation": 180, "texture": "#2"},
				"west": {"uv": [15, 0, 16, 16], "rotation": 180, "texture": "#2"},
				"up": {"uv": [2, 0, 11, 16], "rotation": 270, "texture": "#2"},
				"down": {"uv": [2, 0, 11, 16], "rotation": 90, "texture": "#2"}
			}
		},
		{
			"from": [6.7, 7, 5.81111],
			"to": [9.3, 7.4, 6.81111],
			"rotation": {"angle": 0, "axis": "y", "origin": [8.03056, 7.2, 8.90556]},
			"faces": {
				"north": {"uv": [15, 0, 16, 16], "rotation": 180, "texture": "#2"},
				"east": {"uv": [15, 0, 16, 16], "rotation": 180, "texture": "#2"},
				"south": {"uv": [15, 0, 16, 16], "rotation": 180, "texture": "#2"},
				"west": {"uv": [15, 0, 16, 16], "rotation": 180, "texture": "#2"},
				"up": {"uv": [9, 0, 16, 16], "rotation": 270, "texture": "#2"},
				"down": {"uv": [9, 0, 16, 16], "rotation": 90, "texture": "#2"}
			}
		},
		{
			"from": [8.25, 7, 9.81111],
			"to": [9.1, 7.4, 10.81111],
			"rotation": {"angle": 0, "axis": "y", "origin": [8.03056, 7.2, 8.90556]},
			"faces": {
				"north": {"uv": [15, 0, 16, 16], "rotation": 180, "texture": "#2"},
				"east": {"uv": [15, 0, 16, 16], "rotation": 180, "texture": "#2"},
				"south": {"uv": [15, 0, 16, 16], "rotation": 180, "texture": "#2"},
				"west": {"uv": [15, 0, 16, 16], "rotation": 180, "texture": "#2"},
				"up": {"uv": [13, 0, 16, 13], "rotation": 90, "texture": "#2"},
				"down": {"uv": [13, 3, 16, 16], "rotation": 270, "texture": "#2"}
			}
		},
		{
			"from": [6.95, 7, 9.81111],
			"to": [8.3, 7.4, 10.81111],
			"rotation": {"angle": 0, "axis": "y", "origin": [8.03056, 7.2, 8.90556]},
			"faces": {
				"north": {"uv": [15, 0, 16, 16], "rotation": 180, "texture": "#2"},
				"east": {"uv": [15, 0, 16, 16], "rotation": 180, "texture": "#2"},
				"south": {"uv": [15, 0, 16, 16], "rotation": 180, "texture": "#2"},
				"west": {"uv": [15, 0, 16, 16], "rotation": 180, "texture": "#2"},
				"up": {"uv": [13, 3, 16, 16], "rotation": 90, "texture": "#2"},
				"down": {"uv": [13, 0, 16, 13], "rotation": 270, "texture": "#2"}
			}
		},
		{
			"from": [7.85, 7, 10.81111],
			"to": [8.4, 7.4, 11.51111],
			"rotation": {"angle": 0, "axis": "y", "origin": [8.03056, 7.2, 8.90556]},
			"faces": {
				"north": {"uv": [15, 0, 16, 16], "rotation": 180, "texture": "#2"},
				"east": {"uv": [15, 0, 16, 16], "rotation": 180, "texture": "#2"},
				"south": {"uv": [15, 0, 16, 16], "rotation": 180, "texture": "#2"},
				"west": {"uv": [15, 0, 16, 16], "rotation": 180, "texture": "#2"},
				"up": {"uv": [15, 0, 16, 16], "rotation": 90, "texture": "#2"},
				"down": {"uv": [15, 0, 16, 16], "rotation": 90, "texture": "#2"}
			}
		},
		{
			"from": [5.85, 7, 7.56111],
			"to": [6.2, 7.4, 8.81111],
			"rotation": {"angle": 0, "axis": "y", "origin": [8.03056, 7.2, 8.90556]},
			"faces": {
				"north": {"uv": [15, 0, 16, 16], "rotation": 180, "texture": "#2"},
				"east": {"uv": [15, 0, 16, 16], "rotation": 180, "texture": "#2"},
				"south": {"uv": [15, 0, 16, 16], "rotation": 180, "texture": "#2"},
				"west": {"uv": [15, 0, 16, 16], "rotation": 180, "texture": "#2"},
				"up": {"uv": [15, 0, 16, 16], "rotation": 90, "texture": "#2"},
				"down": {"uv": [15, 0, 16, 16], "rotation": 90, "texture": "#2"}
			}
		},
		{
			"from": [9.75, 7, 7.56111],
			"to": [10.1, 7.4, 8.81111],
			"rotation": {"angle": 0, "axis": "y", "origin": [8.03056, 7.2, 8.90556]},
			"faces": {
				"north": {"uv": [15, 0, 16, 16], "rotation": 180, "texture": "#2"},
				"east": {"uv": [15, 0, 16, 16], "rotation": 180, "texture": "#2"},
				"south": {"uv": [15, 0, 16, 16], "rotation": 180, "texture": "#2"},
				"west": {"uv": [15, 0, 16, 16], "rotation": 180, "texture": "#2"},
				"up": {"uv": [15, 0, 16, 16], "rotation": 90, "texture": "#2"},
				"down": {"uv": [15, 0, 16, 16], "rotation": 90, "texture": "#2"}
			}
		},
		{
			"from": [5.5, 7, 8.06111],
			"to": [5.85, 7.4, 9.31111],
			"rotation": {"angle": 0, "axis": "y", "origin": [8.03056, 7.2, 8.90556]},
			"faces": {
				"north": {"uv": [15, 0, 16, 16], "rotation": 180, "texture": "#2"},
				"east": {"uv": [15, 0, 16, 16], "rotation": 180, "texture": "#2"},
				"south": {"uv": [15, 0, 16, 16], "rotation": 180, "texture": "#2"},
				"west": {"uv": [15, 0, 16, 16], "rotation": 180, "texture": "#2"},
				"up": {"uv": [15, 0, 16, 16], "rotation": 90, "texture": "#2"},
				"down": {"uv": [15, 0, 16, 16], "rotation": 90, "texture": "#2"}
			}
		},
		{
			"from": [10.05, 7, 8.06111],
			"to": [10.4, 7.4, 9.31111],
			"rotation": {"angle": 0, "axis": "y", "origin": [8.03056, 7.2, 8.90556]},
			"faces": {
				"north": {"uv": [15, 0, 16, 16], "rotation": 180, "texture": "#2"},
				"east": {"uv": [15, 0, 16, 16], "rotation": 180, "texture": "#2"},
				"south": {"uv": [15, 0, 16, 16], "rotation": 180, "texture": "#2"},
				"west": {"uv": [15, 0, 16, 16], "rotation": 180, "texture": "#2"},
				"up": {"uv": [15, 0, 16, 16], "rotation": 90, "texture": "#2"},
				"down": {"uv": [15, 0, 16, 16], "rotation": 90, "texture": "#2"}
			}
		},
		{
			"from": [7.75, 7.4, 7.5],
			"to": [8.25, 15.4, 8.75],
			"faces": {
				"north": {"uv": [15, 0, 15.5, 15], "rotation": 180, "texture": "#3"},
				"east": {"uv": [0, 1, 16, 16], "texture": "#3"},
				"south": {"uv": [0, 0, 0.5, 15], "rotation": 180, "texture": "#3"},
				"west": {"uv": [0, 0, 16, 10], "rotation": 180, "texture": "#3"},
				"up": {"uv": [0, 3, 0.5, 4.25], "texture": "#3"},
				"down": {"uv": [0, 0, 0.5, 0.25], "texture": "#3"}
			}
		},
		{
			"from": [7.85, 7.4, 7.1],
			"to": [8.15, 15.4, 7.5],
			"faces": {
				"north": {"uv": [14, 1, 16, 16], "texture": "#3"},
				"east": {"uv": [14, 1, 16, 16], "texture": "#3"},
				"south": {"uv": [0, 0, 0.3, 8], "texture": "#3"},
				"west": {"uv": [14, 1, 16, 16], "texture": "#3"},
				"up": {"uv": [0, 0, 0.3, 0.4], "texture": "#3"},
				"down": {"uv": [0, 0, 0.3, 0.4], "texture": "#3"}
			}
		},
		{
			"from": [7.85, 15.4, 7],
			"to": [8.15, 25, 7.5],
			"faces": {
				"north": {"uv": [14, 1, 16, 15], "texture": "#3"},
				"east": {"uv": [14, 1, 16, 15], "texture": "#3"},
				"south": {"uv": [0, 0, 0.3, 9.6], "texture": "#3"},
				"west": {"uv": [14, 1, 16, 15], "texture": "#3"},
				"up": {"uv": [14, 2, 15.3, 8.5], "texture": "#3"},
				"down": {"uv": [0, 0, 0.3, 0.5], "texture": "#3"}
			}
		},
		{
			"from": [7.85, 25, 7.1],
			"to": [8.15, 31, 7.6],
			"faces": {
				"north": {"uv": [14, 1, 16, 15], "texture": "#3"},
				"east": {"uv": [14, 1, 16, 15], "texture": "#3"},
				"south": {"uv": [0, 0, 0.3, 6], "texture": "#3"},
				"west": {"uv": [14, 1, 16, 15], "texture": "#3"},
				"up": {"uv": [14.3, 1, 15.3, 8.5], "texture": "#3"},
				"down": {"uv": [0, 0, 0.3, 0.5], "texture": "#3"}
			}
		},
		{
			"from": [7.75, 15.4, 7.45],
			"to": [8.25, 25, 8.7],
			"faces": {
				"north": {"uv": [14.5, 1, 15.5, 9.6], "texture": "#3"},
				"east": {"uv": [0, 1, 16, 15], "texture": "#3"},
				"south": {"uv": [0, 1, 0.5, 9.6], "texture": "#3"},
				"west": {"uv": [0, 4, 16, 15], "rotation": 180, "texture": "#3"},
				"up": {"uv": [7, 2, 7.5, 3.25], "texture": "#3"},
				"down": {"uv": [4, 3, 4.5, 4.25], "texture": "#3"}
			}
		},
		{
			"from": [7.75, 25, 7.55],
			"to": [8.25, 31, 8.8],
			"faces": {
				"north": {"uv": [14.5, 1, 15.5, 6], "texture": "#3"},
				"east": {"uv": [0, 1, 16, 15], "texture": "#3"},
				"south": {"uv": [0, 1, 0.5, 6], "texture": "#3"},
				"west": {"uv": [0, 1, 16, 15], "rotation": 180, "texture": "#3"},
				"up": {"uv": [2, 3, 14.5, 5.25], "rotation": 270, "texture": "#3"},
				"down": {"uv": [0, 2, 4.5, 6.25], "rotation": 180, "texture": "#3"}
			}
		},
		{
			"from": [7.85, 31, 7.35],
			"to": [8.15, 31.7, 8.2],
			"faces": {
				"north": {"uv": [14.3, 1, 15.3, 14.7], "texture": "#3"},
				"east": {"uv": [12, 1, 16, 15], "texture": "#3"},
				"south": {"uv": [0, 0, 16, 14], "rotation": 180, "texture": "#3"},
				"west": {"uv": [12, 0, 16, 15], "rotation": 180, "texture": "#3"},
				"up": {"uv": [14, 1, 16, 15], "texture": "#3"},
				"down": {"uv": [0, 0, 0.3, 0.85], "texture": "#3"}
			}
		},
		{
			"from": [7.85, 31, 8.2],
			"to": [8.15, 32, 9.15],
			"faces": {
				"north": {"uv": [14, 1, 15.3, 5], "texture": "#3"},
				"east": {"uv": [7, 1, 16, 14], "rotation": 270, "texture": "#3"},
				"south": {"uv": [8, 1, 14.3, 9], "rotation": 270, "texture": "#3"},
				"west": {"uv": [7, 1, 16, 15], "rotation": 270, "texture": "#3"},
				"up": {"uv": [15, 1, 16, 15], "texture": "#3"},
				"down": {"uv": [0, 2, 0.3, 2.95], "texture": "#3"}
			}
		}
	],
	"display": {
		"thirdperson_righthand": {
			"translation": [0, 1.75, 1.5],
			"scale": [0.81, 0.99, 0.81]
		},
		"thirdperson_lefthand": {
			"translation": [0, 1.75, 1.5],
			"scale": [0.81, 0.99, 0.81]
		},
		"firstperson_righthand": {
			"rotation": [-11, 0, 0],
			"translation": [0, 2.75, 0],
			"scale": [0.81, 0.99, 0.81]
		},
		"firstperson_lefthand": {
			"rotation": [-11, 0, 0],
			"translation": [0, 2.75, 0],
			"scale": [0.81, 0.99, 0.81]
		},
		"ground": {
			"rotation": [90, 0, 0],
			"scale": [0.81, 0.99, 0.81]
		},
		"gui": {
			"rotation": [0, -90, 0],
			"translation": [-0.25, -3.5, 0],
			"scale": [0.27, 0.47, 0.41]
		},
		"head": {
			"rotation": [25, 0, 0],
			"translation": [0, -1.25, 0],
			"scale": [1, 0.58, 2.91]
		},
		"fixed": {
			"rotation": [0, -90, -180],
			"translation": [0, 1.5, -2.5],
			"scale": [0.81, 0.99, 0.81]
		}
	},
	"groups": [
		{
			"name": "handle",
			"origin": [8, 8, 8],
			"children": [0]
		},
		{
			"name": "tsuba",
			"origin": [8, 8, 8],
			"children": [1, 2, 3, 4, 5, 6, 7, 8, 9]
		},
		{
			"name": "blade",
			"origin": [8, 8, 8],
			"children": [10, 11, 12, 13, 14, 15, 16, 17]
		}
	]
}