{
	"credit": "Made with Blockbench",
	"textures": {
		"0": "block/brown_terracotta",
		"1": "block/gold_block",
		"2": "block/white_terracotta",
		"3": "block/red_terracotta",
		"5": "block/grau",
		"6": "block/gray_terracotta",
		"particle": "block/brown_terracotta"
	},
	"elements": [
		{
			"from": [5.4, 11.2, 5.5],
			"to": [10.6, 11.8, 5.9],
			"rotation": {"angle": 0, "axis": "y", "origin": [8, 12, 8.5]},
			"faces": {
				"north": {"uv": [0, 0, 5.2, 0.6], "texture": "#1"},
				"east": {"uv": [0, 0, 5.2, 0.6], "texture": "#1"},
				"south": {"uv": [0, 0, 5.2, 0.6], "texture": "#1"},
				"west": {"uv": [0, 0, 5.2, 0.6], "texture": "#1"},
				"up": {"uv": [0, 0, 5.2, 0.6], "texture": "#1"},
				"down": {"uv": [0, 0, 5.2, 0.6], "texture": "#1"}
			}
		},
		{
			"from": [5.4, 11.2, 11.1],
			"to": [10.6, 11.8, 11.5],
			"rotation": {"angle": 0, "axis": "y", "origin": [8, 12, 8.5]},
			"faces": {
				"north": {"uv": [0, 0, 5.2, 0.6], "texture": "#1"},
				"east": {"uv": [0, 0, 5.2, 0.6], "texture": "#1"},
				"south": {"uv": [0, 0, 5.2, 0.6], "texture": "#1"},
				"west": {"uv": [0, 0, 5.2, 0.6], "texture": "#1"},
				"up": {"uv": [0, 0, 5.2, 0.6], "texture": "#1"},
				"down": {"uv": [0, 0, 5.2, 0.6], "texture": "#1"}
			}
		},
		{
			"from": [10.6, 11.2, 5.5],
			"to": [11, 11.8, 11.5],
			"rotation": {"angle": 0, "axis": "y", "origin": [8, 12, 8.5]},
			"faces": {
				"north": {"uv": [0, 0, 0.4, 0.6], "texture": "#1"},
				"east": {"uv": [0, 0, 0.4, 0.6], "texture": "#1"},
				"south": {"uv": [0, 0, 0.4, 0.6], "texture": "#1"},
				"west": {"uv": [0, 0, 0.4, 0.6], "texture": "#1"},
				"up": {"uv": [0, 0, 0.4, 0.6], "texture": "#1"},
				"down": {"uv": [0, 0, 0.4, 0.6], "texture": "#1"}
			}
		},
		{
			"from": [5, 11.2, 5.5],
			"to": [5.4, 11.8, 11.5],
			"rotation": {"angle": 0, "axis": "y", "origin": [8, 12, 8.5]},
			"faces": {
				"north": {"uv": [0, 0, 0.4, 0.6], "texture": "#1"},
				"east": {"uv": [0, 0, 0.4, 0.6], "texture": "#1"},
				"south": {"uv": [0, 0, 0.4, 0.6], "texture": "#1"},
				"west": {"uv": [0, 0, 0.4, 0.6], "texture": "#1"},
				"up": {"uv": [0, 0, 0.4, 0.6], "texture": "#1"},
				"down": {"uv": [0, 0, 0.4, 0.6], "texture": "#1"}
			}
		},
		{
			"from": [5, 11, 5.5],
			"to": [11, 11.2, 11.5],
			"rotation": {"angle": 0, "axis": "y", "origin": [8, 12, 8.5]},
			"faces": {
				"north": {"uv": [0, 0, 6, 6], "rotation": 270, "texture": "#2"},
				"east": {"uv": [0, 0, 6, 6], "rotation": 270, "texture": "#2"},
				"south": {"uv": [0, 0, 6, 6], "rotation": 270, "texture": "#2"},
				"west": {"uv": [0, 0, 6, 6], "rotation": 270, "texture": "#2"},
				"up": {"uv": [0, 0, 6, 6], "rotation": 270, "texture": "#2"},
				"down": {"uv": [0, 0, 6, 6], "rotation": 270, "texture": "#2"}
			}
		},
		{
			"from": [8.6, 11, 8.61],
			"to": [11.4, 11.4, 9.01],
			"rotation": {"angle": -45, "axis": "y", "origin": [8.75, 12, 7.75]},
			"faces": {
				"north": {"uv": [0, 0, 2.8, 0.4], "texture": "#5"},
				"east": {"uv": [0, 0, 2.8, 0.4], "texture": "#5"},
				"south": {"uv": [0, 0, 2.8, 0.4], "texture": "#5"},
				"west": {"uv": [0, 0, 2.8, 0.4], "texture": "#5"},
				"up": {"uv": [0, 0, 2.8, 0.4], "texture": "#5"},
				"down": {"uv": [0, 0, 2.8, 0.4], "texture": "#5"}
			}
		},
		{
			"from": [7.75, 11, 8.25],
			"to": [8.25, 11.5, 8.75],
			"rotation": {"angle": 0, "axis": "y", "origin": [8, 12, 8.5]},
			"faces": {
				"north": {"uv": [0, 0, 0.5, 0.5], "rotation": 270, "texture": "#3"},
				"east": {"uv": [0, 0, 0.5, 0.5], "rotation": 270, "texture": "#3"},
				"south": {"uv": [0, 0, 0.5, 0.5], "rotation": 270, "texture": "#3"},
				"west": {"uv": [0, 0, 0.5, 0.5], "rotation": 270, "texture": "#3"},
				"up": {"uv": [0, 0, 0.5, 0.5], "rotation": 270, "texture": "#3"},
				"down": {"uv": [0, 0, 0.5, 0.5], "rotation": 270, "texture": "#3"}
			}
		},
		{
			"from": [5.75, 11, 8.3],
			"to": [7.75, 11.4, 8.7],
			"rotation": {"angle": 0, "axis": "y", "origin": [8, 12, 8.5]},
			"faces": {
				"north": {"uv": [0, 0, 0.4, 2], "rotation": 270, "texture": "#6"},
				"east": {"uv": [0, 0, 0.4, 2], "rotation": 270, "texture": "#6"},
				"south": {"uv": [0, 0, 0.4, 2], "rotation": 270, "texture": "#6"},
				"west": {"uv": [0, 0, 0.4, 2], "rotation": 270, "texture": "#6"},
				"up": {"uv": [0, 0, 0.4, 2], "rotation": 270, "texture": "#6"},
				"down": {"uv": [0, 0, 0.4, 2], "rotation": 270, "texture": "#6"}
			}
		},
		{
			"from": [6, 2, 4],
			"to": [10, 11, 4.2],
			"rotation": {"angle": 0, "axis": "y", "origin": [14, 10, 12]},
			"faces": {
				"north": {"uv": [0, 0, 4, 9], "texture": "#0"},
				"east": {"uv": [0, 0, 4, 9], "texture": "#0"},
				"south": {"uv": [0, 0, 4, 9], "texture": "#0"},
				"west": {"uv": [0, 0, 4, 9], "texture": "#0"},
				"up": {"uv": [0, 0, 4, 9], "texture": "#0"},
				"down": {"uv": [0, 0, 4, 9], "texture": "#0"}
			}
		},
		{
			"from": [6, 2, 12.8],
			"to": [10, 11, 13],
			"rotation": {"angle": 0, "axis": "y", "origin": [14, 10, 20.75]},
			"faces": {
				"north": {"uv": [0, 0, 4, 9], "texture": "#0"},
				"east": {"uv": [0, 0, 4, 9], "texture": "#0"},
				"south": {"uv": [0, 0, 4, 9], "texture": "#0"},
				"west": {"uv": [0, 0, 4, 9], "texture": "#0"},
				"up": {"uv": [0, 0, 4, 9], "texture": "#0"},
				"down": {"uv": [0, 0, 4, 9], "texture": "#0"}
			}
		},
		{
			"from": [6, 1.8, 4],
			"to": [10, 2, 13],
			"rotation": {"angle": 0, "axis": "y", "origin": [14, 9.75, 12]},
			"faces": {
				"north": {"uv": [0, 0, 4, 0.2], "texture": "#0"},
				"east": {"uv": [0, 0, 4, 0.2], "texture": "#0"},
				"south": {"uv": [0, 0, 4, 0.2], "texture": "#0"},
				"west": {"uv": [0, 0, 4, 0.2], "texture": "#0"},
				"up": {"uv": [0, 0, 4, 0.2], "texture": "#0"},
				"down": {"uv": [0, 0, 4, 0.2], "texture": "#0"}
			}
		},
		{
			"from": [6, 10.8, 4],
			"to": [10, 11, 13],
			"rotation": {"angle": 0, "axis": "y", "origin": [14, 18.75, 12]},
			"faces": {
				"north": {"uv": [0, 0, 4, 0.2], "texture": "#0"},
				"east": {"uv": [0, 0, 4, 0.2], "texture": "#0"},
				"south": {"uv": [0, 0, 4, 0.2], "texture": "#0"},
				"west": {"uv": [0, 0, 4, 0.2], "texture": "#0"},
				"up": {"uv": [0, 0, 4, 0.2], "texture": "#0"},
				"down": {"uv": [0, 0, 4, 0.2], "texture": "#0"}
			}
		}
	],
	"display": {
		"thirdperson_righthand": {
			"rotation": [0, -90, 0],
			"translation": [0.25, -1.25, 4],
			"scale": [0.5, 0.5, 0.5]
		},
		"thirdperson_lefthand": {
			"rotation": [0, -90, 0],
			"translation": [0.25, -1.25, 4],
			"scale": [0.5, 0.5, 0.5]
		},
		"gui": {
			"rotation": [90, 0, 0]
		},
		"fixed": {
			"rotation": [-90, 0, 0]
		}
	},
	"groups": [
		{
			"name": "Uhr",
			"origin": [13, 8, 14],
			"children": [0, 1, 2, 3, 4, 5, 6, 7]
		}, 8, 9, 10, 11]
}