{
  "parent": "item/generated",
  "textures": {
    "layer0": "item/written_book"
  },
  "overrides": [
    {
      "predicate": {
        "custom_model_data": 1
      },
      "model": "itemsadder:auto_generated/mysterious_book"
    },
    {
      "predicate": {
        "custom_model_data": 2
      },
      "model": "itemsadder:auto_generated/letter_written_letter"
    },
    {
      "predicate": {
        "custom_model_data": 3
      },
      "model": "itemsadder:auto_generated/mysterious_book_decrypted"
    },
    {
      "predicate": {
        "custom_model_data": 4
      },
      "model": "itemsadder:auto_generated/libroexp1"
    },
   {
      "predicate": {
        "custom_model_data": 5
      },
      "model": "itemsadder:auto_generated/libroexp2"
    },
    {
      "predicate": {
        "custom_model_data": 6
      },
      "model": "itemsadder:auto_generated/libroexp3"
    }
  ]
}