{
	"credit": "Made with Blockbench",
	"texture_size": [32, 32],
	"textures": {
		"1": "block/signs/buttonside",
		"2": "block/signs/elevator2",
		"particle": "block/signs/elevator"
	},
	"elements": [
		{
			"from": [6, 0, 5],
			"to": [10, 1, 11],
			"rotation": {"angle": 0, "axis": "y", "origin": [8, 0.5, 8]},
			"faces": {
				"north": {"uv": [0, 0, 16, 16], "rotation": 90, "texture": "#1"},
				"east": {"uv": [0, 0, 16, 16], "rotation": 90, "texture": "#1"},
				"south": {"uv": [0, 0, 16, 16], "rotation": 270, "texture": "#1"},
				"west": {"uv": [0, 0, 16, 16], "rotation": 270, "texture": "#1"},
				"up": {"uv": [2.75, 0, 13.25, 16], "texture": "#2"},
				"down": {"uv": [0, 0, 8, 16], "rotation": 180, "texture": "#1"}
			}
		}
	],
	"display": {
		"ground": {
			"translation": [0, 5.75, 0]
		},
		"gui": {
			"rotation": [108, 0, 18],
			"translation": [-4.5, -4, 0],
			"scale": [2, 2, 2]
		}
	}
}