{
    "textures": {
        "redstone_block": "minecraft:block/redstone_block",
        "stone": "minecraft:block/stone",
        "coal_block": "minecraft:block/coal_block",
		"particle": "minecraft:block/stone"
    },
    "display": {
        "gui": {
            "rotation": [ 30, 45, 0 ],
            "translation": [ 0, 0, 0 ],
            "scale": [ 0.625, 0.625, 0.625 ]
        },
        "ground": {
            "rotation": [ 0, 0, 0 ],
            "translation": [ 0, 3, 0 ],
            "scale": [ 0.25, 0.25, 0.25 ]
        },
        "fixed": {
            "rotation": [ 0, 180, 0 ],
            "translation": [ 0, 0, 0 ],
            "scale": [ 1, 1, 1 ]
        },
        "head": {
            "rotation": [ 0, 180, 0 ],
            "translation": [ 0, 0, 0 ],
            "scale": [ 1, 1, 1 ]
        },
        "firstperson_righthand": {
            "rotation": [ 0, 315, 0 ],
            "translation": [ 0, 2.5, 0 ],
            "scale": [ 0.4, 0.4, 0.4 ]
        },
        "thirdperson_righthand": {
            "rotation": [ 75, 315, 0 ],
            "translation": [ 0, 2.5, 0 ],
            "scale": [ 0.375, 0.375, 0.375 ]
        }
    },
    "elements": [
        {
            "name": "base2",
            "from": [ 1, 5, 8 ], 
            "to": [ 2, 13, 9 ], 
            "faces": {
                "south": { "texture": "#stone", "uv": [ 0, 0, 1, 8 ] },
                "west": { "texture": "#stone", "uv": [ 0, 0, 1, 8 ] }
            }
        },
        {
            "name": "base1",
            "from": [ 2, 0, 6 ], 
            "to": [ 14, 1, 10 ], 
            "faces": {
                "north": { "texture": "#stone", "uv": [ 0, 0, 12, 1 ] },
                "east": { "texture": "#stone", "uv": [ 0, 0, 4, 1 ] },
                "south": { "texture": "#stone", "uv": [ 0, 0, 12, 1 ] },
                "west": { "texture": "#stone", "uv": [ 0, 0, 4, 1 ] },
                "up": { "texture": "#stone", "uv": [ 0, 0, 12, 4 ] },
                "down": { "texture": "#stone", "uv": [ 0, 0, 12, 4 ] }
            }
        },
        {
            "name": "base3",
            "from": [ 6, 1, 7 ], 
            "to": [ 10, 4, 9 ], 
            "faces": {
                "north": { "texture": "#stone", "uv": [ 0, 0, 4, 3 ] },
                "east": { "texture": "#stone", "uv": [ 0, 0, 2, 3 ] },
                "south": { "texture": "#stone", "uv": [ 0, 0, 4, 3 ] },
                "west": { "texture": "#stone", "uv": [ 0, 0, 2, 3 ] }
            }
        },
        {
            "name": "base4",
            "from": [ 1, 4, 7 ], 
            "to": [ 3, 5, 9 ], 
            "faces": {
                "north": { "texture": "#stone", "uv": [ 0, 0, 2, 1 ] },
                "east": { "texture": "#stone", "uv": [ 0, 0, 2, 1 ] },
                "south": { "texture": "#stone", "uv": [ 0, 0, 2, 1 ] },
                "west": { "texture": "#stone", "uv": [ 0, 0, 2, 1 ] },
                "up": { "texture": "#stone", "uv": [ 0, 0, 2, 2 ] },
                "down": { "texture": "#stone", "uv": [ 0, 0, 2, 2 ] }
            }
        },
        {
            "name": "screen",
            "from": [ 2, 5, 8 ], 
            "to": [ 14, 13, 9 ], 
            "faces": {
                "south": { "texture": "#coal_block", "uv": [ 0, 0, 12, 8 ] },
                "down": { "texture": "#coal_block", "uv": [ 0, 0, 12, 1 ] }
            }
        },
        {
            "name": "base5",
            "from": [ 2, 5, 6 ], 
            "to": [ 14, 13, 7 ], 
            "faces": {
                "north": { "texture": "#stone", "uv": [ 0, 0, 12, 8 ] },
                "east": { "texture": "#stone", "uv": [ 0, 0, 1, 8 ] },
                "west": { "texture": "#stone", "uv": [ 0, 0, 1, 8 ] },
                "up": { "texture": "#stone", "uv": [ 0, 0, 12, 1 ] },
                "down": { "texture": "#stone", "uv": [ 0, 0, 12, 1 ] }
            }
        },
        {
            "name": "base6",
            "from": [ 1, 13, 8 ], 
            "to": [ 15, 14, 9 ], 
            "faces": {
                "east": { "texture": "#stone", "uv": [ 0, 0, 1, 1 ] },
                "south": { "texture": "#stone", "uv": [ 0, 0, 14, 1 ] },
                "west": { "texture": "#stone", "uv": [ 0, 0, 1, 1 ] },
                "up": { "texture": "#stone", "uv": [ 0, 0, 14, 1 ] },
                "down": { "texture": "#stone", "uv": [ 0, 0, 14, 1 ] }
            }
        },
        {
            "name": "base7",
            "from": [ 14, 5, 8 ], 
            "to": [ 15, 13, 9 ], 
            "faces": {
                "east": { "texture": "#stone", "uv": [ 0, 0, 1, 8 ] },
                "south": { "texture": "#stone", "uv": [ 0, 0, 1, 8 ] }
            }
        },
        {
            "name": "base8",
            "from": [ 1, 5, 7 ], 
            "to": [ 15, 14, 8 ], 
            "faces": {
                "north": { "texture": "#stone", "uv": [ 0, 0, 14, 9 ] },
                "east": { "texture": "#stone", "uv": [ 0, 0, 1, 9 ] },
                "south": { "texture": "#stone", "uv": [ 0, 0, 14, 9 ] },
                "west": { "texture": "#stone", "uv": [ 0, 0, 1, 9 ] },
                "up": { "texture": "#stone", "uv": [ 0, 0, 14, 1 ] },
                "down": { "texture": "#stone", "uv": [ 0, 0, 14, 1 ] }
            }
        },
        {
            "name": "button2",
            "from": [ 3, 4, 7 ], 
            "to": [ 4, 5, 8 ], 
            "faces": {
                "north": { "texture": "#stone", "uv": [ 0, 0, 1, 1 ] },
                "down": { "texture": "#stone", "uv": [ 0, 0, 1, 1 ] }
            }
        },
        {
            "name": "button",
            "from": [ 3, 4, 8 ], 
            "to": [ 4, 5, 9 ], 
            "faces": {
                "south": { "texture": "#redstone_block", "uv": [ 0, 0, 1, 1 ] },
                "down": { "texture": "#redstone_block", "uv": [ 0, 0, 1, 1 ] }
            }
        },
        {
            "name": "base9",
            "from": [ 4, 4, 7 ], 
            "to": [ 15, 5, 9 ], 
            "faces": {
                "north": { "texture": "#stone", "uv": [ 0, 0, 11, 1 ] },
                "east": { "texture": "#stone", "uv": [ 0, 0, 2, 1 ] },
                "south": { "texture": "#stone", "uv": [ 0, 0, 11, 1 ] },
                "west": { "texture": "#stone", "uv": [ 0, 0, 2, 1 ] },
                "up": { "texture": "#stone", "uv": [ 0, 0, 11, 2 ] },
                "down": { "texture": "#stone", "uv": [ 0, 0, 11, 2 ] }
            }
        }
    ]
}