{
    "textures": {
        "quartz_block_side": "minecraft:block/quartz_block_side",
        "stone": "minecraft:block/stone",
		"particle": "minecraft:block/quartz_block_side"
    },
    "display": {
        "gui": {
            "rotation": [ 30, 45, 0 ],
            "translation": [ 0, 0, 0 ],
            "scale": [ 0.625, 0.625, 0.625 ]
        },
        "ground": {
            "rotation": [ 0, 0, 0 ],
            "translation": [ 0, 3, 0 ],
            "scale": [ 0.25, 0.25, 0.25 ]
        },
        "fixed": {
            "rotation": [ 0, 180, 0 ],
            "translation": [ 0, 0, 0 ],
            "scale": [ 1, 1, 1 ]
        },
        "head": {
            "rotation": [ 0, 180, 0 ],
            "translation": [ 0, 0, 0 ],
            "scale": [ 1, 1, 1 ]
        },
        "firstperson_righthand": {
            "rotation": [ 0, 315, 0 ],
            "translation": [ 0, 2.5, 0 ],
            "scale": [ 0.4, 0.4, 0.4 ]
        },
        "thirdperson_righthand": {
            "rotation": [ 75, 315, 0 ],
            "translation": [ 0, 2.5, 0 ],
            "scale": [ 0.375, 0.375, 0.375 ]
        }
    },
    "elements": [
        {
            "name": "base",
            "from": [ 0, 0, 0 ], 
            "to": [ 16, 16, 15 ], 
            "faces": {
                "north": { "texture": "#quartz_block_side", "uv": [ 0, 0, 16, 16 ] },
                "east": { "texture": "#quartz_block_side", "uv": [ 0, 0, 15, 16 ] },
                "south": { "texture": "#quartz_block_side", "uv": [ 0, 0, 16, 16 ] },
                "west": { "texture": "#quartz_block_side", "uv": [ 0, 0, 15, 16 ] },
                "up": { "texture": "#quartz_block_side", "uv": [ 0, 0, 16, 15 ] },
                "down": { "texture": "#quartz_block_side", "uv": [ 0, 0, 16, 15 ] }
            }
        },
        {
            "name": "side",
            "from": [ 0, 1, 15 ], 
            "to": [ 1, 15, 16 ], 
            "faces": {
                "east": { "texture": "#quartz_block_side", "uv": [ 0, 0, 1, 14 ] },
                "south": { "texture": "#quartz_block_side", "uv": [ 0, 0, 1, 14 ] },
                "west": { "texture": "#quartz_block_side", "uv": [ 0, 0, 1, 14 ] }
            }
        },
        {
            "name": "side2",
            "from": [ 0, 0, 15 ], 
            "to": [ 16, 1, 16 ], 
            "faces": {
                "east": { "texture": "#quartz_block_side", "uv": [ 0, 0, 1, 1 ] },
                "south": { "texture": "#quartz_block_side", "uv": [ 0, 0, 16, 1 ] },
                "west": { "texture": "#quartz_block_side", "uv": [ 0, 0, 1, 1 ] },
                "up": { "texture": "#quartz_block_side", "uv": [ 0, 0, 16, 1 ] },
                "down": { "texture": "#quartz_block_side", "uv": [ 0, 0, 16, 1 ] }
            }
        },
        {
            "name": "side3",
            "from": [ 0, 15, 15 ], 
            "to": [ 16, 16, 16 ], 
            "faces": {
                "east": { "texture": "#quartz_block_side", "uv": [ 0, 0, 1, 1 ] },
                "south": { "texture": "#quartz_block_side", "uv": [ 0, 0, 16, 1 ] },
                "west": { "texture": "#quartz_block_side", "uv": [ 0, 0, 1, 1 ] },
                "up": { "texture": "#quartz_block_side", "uv": [ 0, 0, 16, 1 ] },
                "down": { "texture": "#quartz_block_side", "uv": [ 0, 0, 16, 1 ] }
            }
        },
        {
            "name": "side4",
            "from": [ 15, 1, 15 ], 
            "to": [ 16, 15, 16 ], 
            "faces": {
                "east": { "texture": "#quartz_block_side", "uv": [ 0, 0, 1, 14 ] },
                "south": { "texture": "#quartz_block_side", "uv": [ 0, 0, 1, 14 ] },
                "west": { "texture": "#quartz_block_side", "uv": [ 0, 0, 1, 14 ] }
            }
        },
        {
            "name": "door",
            "from": [ 2, 7, 15 ], 
            "to": [ 6, 9, 16 ], 
            "faces": {
                "east": { "texture": "#stone", "uv": [ 0, 0, 1, 2 ] },
                "south": { "texture": "#stone", "uv": [ 0, 0, 4, 2 ] },
                "west": { "texture": "#stone", "uv": [ 0, 0, 1, 2 ] },
                "up": { "texture": "#stone", "uv": [ 0, 0, 4, 1 ] }
            }
        },
        {
            "name": "door2",
            "from": [ 2, 2, 15 ], 
            "to": [ 14, 7, 16 ], 
            "faces": {
                "east": { "texture": "#stone", "uv": [ 0, 0, 1, 5 ] },
                "south": { "texture": "#stone", "uv": [ 0, 0, 12, 5 ] },
                "west": { "texture": "#stone", "uv": [ 0, 0, 1, 5 ] },
                "up": { "texture": "#stone", "uv": [ 0, 0, 12, 1 ] },
                "down": { "texture": "#stone", "uv": [ 0, 0, 12, 1 ] }
            }
        },
        {
            "name": "door3",
            "from": [ 6, 8, 15 ], 
            "to": [ 10, 9, 16 ], 
            "faces": {
                "south": { "texture": "#stone", "uv": [ 0, 0, 4, 1 ] },
                "up": { "texture": "#stone", "uv": [ 0, 0, 4, 1 ] },
                "down": { "texture": "#stone", "uv": [ 0, 0, 4, 1 ] }
            }
        },
        {
            "name": "door4",
            "from": [ 10, 7, 15 ], 
            "to": [ 14, 9, 16 ], 
            "faces": {
                "east": { "texture": "#stone", "uv": [ 0, 0, 1, 2 ] },
                "south": { "texture": "#stone", "uv": [ 0, 0, 4, 2 ] },
                "west": { "texture": "#stone", "uv": [ 0, 0, 1, 2 ] },
                "up": { "texture": "#stone", "uv": [ 0, 0, 4, 1 ] }
            }
        },
        {
            "name": "door5",
            "from": [ 2, 10, 15 ], 
            "to": [ 14, 12, 16 ], 
            "faces": {
                "east": { "texture": "#stone", "uv": [ 0, 0, 1, 2 ] },
                "south": { "texture": "#stone", "uv": [ 0, 0, 12, 2 ] },
                "west": { "texture": "#stone", "uv": [ 0, 0, 1, 2 ] },
                "up": { "texture": "#stone", "uv": [ 0, 0, 12, 1 ] },
                "down": { "texture": "#stone", "uv": [ 0, 0, 12, 1 ] }
            }
        },
        {
            "name": "door6",
            "from": [ 2, 12, 15 ], 
            "to": [ 6, 14, 16 ], 
            "faces": {
                "east": { "texture": "#stone", "uv": [ 0, 0, 1, 2 ] },
                "south": { "texture": "#stone", "uv": [ 0, 0, 4, 2 ] },
                "west": { "texture": "#stone", "uv": [ 0, 0, 1, 2 ] },
                "up": { "texture": "#stone", "uv": [ 0, 0, 4, 1 ] }
            }
        },
        {
            "name": "door7",
            "from": [ 10, 12, 15 ], 
            "to": [ 14, 14, 16 ], 
            "faces": {
                "east": { "texture": "#stone", "uv": [ 0, 0, 1, 2 ] },
                "south": { "texture": "#stone", "uv": [ 0, 0, 4, 2 ] },
                "west": { "texture": "#stone", "uv": [ 0, 0, 1, 2 ] },
                "up": { "texture": "#stone", "uv": [ 0, 0, 4, 1 ] }
            }
        },
        {
            "name": "door8",
            "from": [ 6, 13, 15 ], 
            "to": [ 10, 14, 16 ], 
            "faces": {
                "south": { "texture": "#stone", "uv": [ 0, 0, 4, 1 ] },
                "up": { "texture": "#stone", "uv": [ 0, 0, 4, 1 ] },
                "down": { "texture": "#stone", "uv": [ 0, 0, 4, 1 ] }
            }
        }
    ]
}