{
    "textures": {
        "oak_planks": "minecraft:block/oak_planks",
        "spruce_planks": "minecraft:block/spruce_planks",
		"particle": "minecraft:block/oak_planks"
    },
    "display": {
        "gui": {
            "rotation": [ 30, 45, 0 ],
            "translation": [ 0, 0, 0 ],
            "scale": [ 0.625, 0.625, 0.625 ]
        },
        "ground": {
            "rotation": [ 0, 0, 0 ],
            "translation": [ 0, 3, 0 ],
            "scale": [ 0.25, 0.25, 0.25 ]
        },
        "fixed": {
            "rotation": [ 0, 180, 0 ],
            "translation": [ 0, 0, 0 ],
            "scale": [ 1, 1, 1 ]
        },
        "head": {
            "rotation": [ 0, 180, 0 ],
            "translation": [ 0, 0, 0 ],
            "scale": [ 1, 1, 1 ]
        },
        "firstperson_righthand": {
            "rotation": [ 0, 315, 0 ],
            "translation": [ 0, 2.5, 0 ],
            "scale": [ 0.4, 0.4, 0.4 ]
        },
        "thirdperson_righthand": {
            "rotation": [ 75, 315, 0 ],
            "translation": [ 0, 2.5, 0 ],
            "scale": [ 0.375, 0.375, 0.375 ]
        }
    },
    "elements": [
        {
            "name": "base",
            "from": [ 15, 1, 0 ], 
            "to": [ 16, 15, 15 ], 
            "faces": {
                "north": { "texture": "#oak_planks", "uv": [ 0, 0, 1, 14 ] },
                "east": { "texture": "#oak_planks", "uv": [ 0, 0, 15, 14 ] },
                "west": { "texture": "#oak_planks", "uv": [ 0, 0, 15, 14 ] },
                "up": { "texture": "#oak_planks", "uv": [ 0, 0, 1, 15 ] }
            }
        },
        {
            "name": "side",
            "from": [ 0, 1, 15 ], 
            "to": [ 1, 15, 16 ], 
            "faces": {
                "east": { "texture": "#oak_planks", "uv": [ 0, 0, 1, 14 ] },
                "south": { "texture": "#oak_planks", "uv": [ 0, 0, 1, 14 ] },
                "west": { "texture": "#oak_planks", "uv": [ 0, 0, 1, 14 ] }
            }
        },
        {
            "name": "side2",
            "from": [ 0, 0, 15 ], 
            "to": [ 16, 1, 16 ], 
            "faces": {
                "east": { "texture": "#oak_planks", "uv": [ 0, 0, 1, 1 ] },
                "south": { "texture": "#oak_planks", "uv": [ 0, 0, 16, 1 ] },
                "west": { "texture": "#oak_planks", "uv": [ 0, 0, 1, 1 ] },
                "up": { "texture": "#oak_planks", "uv": [ 0, 0, 16, 1 ] },
                "down": { "texture": "#oak_planks", "uv": [ 0, 0, 16, 1 ] }
            }
        },
        {
            "name": "side3",
            "from": [ 1, 15, 1 ], 
            "to": [ 15, 16, 15 ], 
            "faces": {
                "up": { "texture": "#spruce_planks", "uv": [ 0, 0, 14, 14 ] },
                "down": { "texture": "#spruce_planks", "uv": [ 0, 0, 16, 14 ] }
            }
        },
        {
            "name": "side4",
            "from": [ 15, 1, 15 ], 
            "to": [ 16, 15, 16 ], 
            "faces": {
                "east": { "texture": "#oak_planks", "uv": [ 0, 0, 1, 14 ] },
                "south": { "texture": "#oak_planks", "uv": [ 0, 0, 1, 14 ] },
                "west": { "texture": "#oak_planks", "uv": [ 0, 0, 1, 14 ] }
            }
        },
        {
            "name": "base2",
            "from": [ 0, 0, 0 ], 
            "to": [ 16, 1, 15 ], 
            "faces": {
                "north": { "texture": "#oak_planks", "uv": [ 0, 0, 16, 1 ] },
                "east": { "texture": "#oak_planks", "uv": [ 0, 0, 15, 1 ] },
                "west": { "texture": "#oak_planks", "uv": [ 0, 0, 15, 1 ] },
                "up": { "texture": "#oak_planks", "uv": [ 0, 0, 16, 15 ] },
                "down": { "texture": "#oak_planks", "uv": [ 0, 0, 16, 15 ] }
            }
        },
        {
            "name": "base3",
            "from": [ 1, 1, 0 ], 
            "to": [ 15, 15, 3 ], 
            "faces": {
                "north": { "texture": "#oak_planks", "uv": [ 1, 0, 15, 14 ] },
                "south": { "texture": "#oak_planks", "uv": [ 0, 0, 14, 14 ] },
                "up": { "texture": "#oak_planks", "uv": [ 0, 0, 14, 3 ] }
            }
        },
        {
            "name": "base4",
            "from": [ 0, 1, 0 ], 
            "to": [ 1, 15, 15 ], 
            "faces": {
                "north": { "texture": "#oak_planks", "uv": [ 1, 0, 2, 14 ] },
                "east": { "texture": "#oak_planks", "uv": [ 0, 0, 15, 14 ] },
                "west": { "texture": "#oak_planks", "uv": [ 0, 0, 15, 14 ] },
                "up": { "texture": "#oak_planks", "uv": [ 0, 0, 1, 15 ] }
            }
        },
        {
            "name": "side5",
            "from": [ 15, 15, 1 ], 
            "to": [ 16, 16, 15 ], 
            "faces": {
                "east": { "texture": "#oak_planks", "uv": [ 0, 0, 14, 1 ] },
                "up": { "texture": "#oak_planks", "uv": [ 0, 0, 1, 14 ] }
            }
        },
        {
            "name": "side6",
            "from": [ 0, 15, 15 ], 
            "to": [ 16, 16, 16 ], 
            "faces": {
                "north": { "texture": "#oak_planks", "uv": [ 0, 0, 16, 1 ] },
                "east": { "texture": "#oak_planks", "uv": [ 0, 0, 1, 1 ] },
                "south": { "texture": "#oak_planks", "uv": [ 0, 0, 16, 1 ] },
                "west": { "texture": "#oak_planks", "uv": [ 0, 0, 1, 1 ] },
                "up": { "texture": "#oak_planks", "uv": [ 0, 0, 16, 1 ] },
                "down": { "texture": "#oak_planks", "uv": [ 0, 0, 16, 1 ] }
            }
        },
        {
            "name": "side7",
            "from": [ 0, 15, 0 ], 
            "to": [ 16, 16, 1 ], 
            "faces": {
                "north": { "texture": "#oak_planks", "uv": [ 0, 0, 16, 1 ] },
                "east": { "texture": "#oak_planks", "uv": [ 0, 0, 1, 1 ] },
                "south": { "texture": "#oak_planks", "uv": [ 0, 0, 16, 1 ] },
                "west": { "texture": "#oak_planks", "uv": [ 0, 0, 1, 1 ] },
                "up": { "texture": "#oak_planks", "uv": [ 0, 0, 16, 1 ] },
                "down": { "texture": "#oak_planks", "uv": [ 0, 0, 16, 1 ] }
            }
        },
        {
            "name": "side8",
            "from": [ 0, 15, 1 ], 
            "to": [ 1, 16, 15 ], 
            "faces": {
                "west": { "texture": "#oak_planks", "uv": [ 0, 0, 14, 1 ] },
                "up": { "texture": "#oak_planks", "uv": [ 0, 0, 1, 14 ] }
            }
        }
    ]
}