{
    "textures": {
        "emerald_block": "minecraft:block/emerald_block",
        "quartz_block_side": "minecraft:block/quartz_block_side",
        "coal_block": "minecraft:block/coal_block",
        "stone": "minecraft:block/stone",
		"particle": "minecraft:block/quartz_block_side"
    },
    "display": {
        "gui": {
            "rotation": [ 30, 45, 0 ],
            "translation": [ 0, 0, 0 ],
            "scale": [ 0.625, 0.625, 0.625 ]
        },
        "ground": {
            "rotation": [ 0, 0, 0 ],
            "translation": [ 0, 3, 0 ],
            "scale": [ 0.25, 0.25, 0.25 ]
        },
        "fixed": {
            "rotation": [ 0, 180, 0 ],
            "translation": [ 0, 0, 0 ],
            "scale": [ 1, 1, 1 ]
        },
        "head": {
            "rotation": [ 0, 180, 0 ],
            "translation": [ 0, 0, 0 ],
            "scale": [ 1, 1, 1 ]
        },
        "firstperson_righthand": {
            "rotation": [ 0, 315, 0 ],
            "translation": [ 0, 2.5, 0 ],
            "scale": [ 0.4, 0.4, 0.4 ]
        },
        "thirdperson_righthand": {
            "rotation": [ 75, 315, 0 ],
            "translation": [ 0, 2.5, 0 ],
            "scale": [ 0.375, 0.375, 0.375 ]
        }
    },
    "elements": [
        {
            "name": "Cube",
            "from": [ 0, 0, 1 ], 
            "to": [ 16, 15, 16 ], 
            "faces": {
                "north": { "texture": "#quartz_block_side", "uv": [ 0, 0, 16, 15 ] },
                "east": { "texture": "#quartz_block_side", "uv": [ 0, 0, 15, 15 ] },
                "south": { "texture": "#quartz_block_side", "uv": [ 0, 0, 16, 15 ] },
                "west": { "texture": "#quartz_block_side", "uv": [ 0, 0, 15, 15 ] },
                "up": { "texture": "#quartz_block_side", "uv": [ 0, 0, 16, 15 ] },
                "down": { "texture": "#quartz_block_side", "uv": [ 0, 0, 16, 15 ] }
            }
        },
        {
            "name": "pop",
            "from": [ 1, 12, 0 ], 
            "to": [ 15, 13, 1 ], 
            "faces": {
                "north": { "texture": "#quartz_block_side", "uv": [ 0, 0, 14, 1 ] },
                "up": { "texture": "#quartz_block_side", "uv": [ 0, 0, 14, 1 ] },
                "down": { "texture": "#quartz_block_side", "uv": [ 0, 0, 14, 1 ] }
            }
        },
        {
            "name": "pop2",
            "from": [ 15, 1, 0 ], 
            "to": [ 16, 13, 1 ], 
            "faces": {
                "north": { "texture": "#quartz_block_side", "uv": [ 0, 0, 1, 12 ] },
                "east": { "texture": "#quartz_block_side", "uv": [ 0, 0, 1, 12 ] },
                "west": { "texture": "#quartz_block_side", "uv": [ 0, 0, 1, 12 ] }
            }
        },
        {
            "name": "pop3",
            "from": [ 15, 13, 0 ], 
            "to": [ 16, 14, 1 ], 
            "faces": {
                "north": { "texture": "#quartz_block_side", "uv": [ 0, 0, 1, 1 ] },
                "east": { "texture": "#quartz_block_side", "uv": [ 0, 0, 1, 1 ] }
            }
        },
        {
            "name": "pop4",
            "from": [ 0, 1, 0 ], 
            "to": [ 1, 13, 1 ], 
            "faces": {
                "north": { "texture": "#quartz_block_side", "uv": [ 0, 0, 1, 12 ] },
                "east": { "texture": "#quartz_block_side", "uv": [ 0, 0, 1, 12 ] },
                "west": { "texture": "#quartz_block_side", "uv": [ 0, 0, 1, 12 ] }
            }
        },
        {
            "name": "pop5",
            "from": [ 0, 0, 0 ], 
            "to": [ 16, 1, 1 ], 
            "faces": {
                "north": { "texture": "#quartz_block_side", "uv": [ 0, 0, 16, 1 ] },
                "east": { "texture": "#quartz_block_side", "uv": [ 0, 0, 1, 1 ] },
                "west": { "texture": "#quartz_block_side", "uv": [ 0, 0, 1, 1 ] },
                "up": { "texture": "#quartz_block_side", "uv": [ 0, 0, 16, 1 ] },
                "down": { "texture": "#quartz_block_side", "uv": [ 0, 0, 16, 1 ] }
            }
        },
        {
            "name": "pop6",
            "from": [ 0, 14, 0 ], 
            "to": [ 16, 16, 1 ], 
            "faces": {
                "north": { "texture": "#quartz_block_side", "uv": [ 0, 0, 16, 2 ] },
                "east": { "texture": "#quartz_block_side", "uv": [ 0, 0, 1, 2 ] },
                "south": { "texture": "#quartz_block_side", "uv": [ 0, 0, 16, 2 ] },
                "west": { "texture": "#quartz_block_side", "uv": [ 0, 0, 1, 2 ] },
                "up": { "texture": "#quartz_block_side", "uv": [ 0, 0, 16, 1 ] },
                "down": { "texture": "#quartz_block_side", "uv": [ 0, 0, 16, 1 ] }
            }
        },
        {
            "name": "pop7",
            "from": [ 5, 13, 0 ], 
            "to": [ 6, 14, 1 ], 
            "faces": {
                "north": { "texture": "#coal_block", "uv": [ 0, 0, 1, 1 ] },
                "east": { "texture": "#coal_block", "uv": [ 0, 0, 1, 1 ] },
                "west": { "texture": "#coal_block", "uv": [ 0, 0, 1, 1 ] }
            }
        },
        {
            "name": "grill",
            "from": [ 9, 15, 2 ], 
            "to": [ 14, 16, 7 ], 
            "faces": {
                "north": { "texture": "#stone", "uv": [ 0, 0, 5, 1 ] },
                "east": { "texture": "#stone", "uv": [ 0, 0, 5, 1 ] },
                "south": { "texture": "#stone", "uv": [ 0, 0, 5, 1 ] },
                "west": { "texture": "#stone", "uv": [ 0, 0, 5, 1 ] },
                "up": { "texture": "#stone", "uv": [ 0, 0, 5, 5 ] }
            }
        },
        {
            "name": "grill2",
            "from": [ 2, 15, 9 ], 
            "to": [ 7, 16, 14 ], 
            "faces": {
                "north": { "texture": "#stone", "uv": [ 0, 0, 5, 1 ] },
                "east": { "texture": "#stone", "uv": [ 0, 0, 5, 1 ] },
                "south": { "texture": "#stone", "uv": [ 0, 0, 5, 1 ] },
                "west": { "texture": "#stone", "uv": [ 0, 0, 5, 1 ] },
                "up": { "texture": "#stone", "uv": [ 0, 0, 5, 5 ] }
            }
        },
        {
            "name": "grill3",
            "from": [ 9, 15, 9 ], 
            "to": [ 14, 16, 14 ], 
            "faces": {
                "north": { "texture": "#stone", "uv": [ 0, 0, 5, 1 ] },
                "east": { "texture": "#stone", "uv": [ 0, 0, 5, 1 ] },
                "south": { "texture": "#stone", "uv": [ 0, 0, 5, 1 ] },
                "west": { "texture": "#stone", "uv": [ 0, 0, 5, 1 ] },
                "up": { "texture": "#stone", "uv": [ 0, 0, 5, 5 ] }
            }
        },
        {
            "name": "grill4",
            "from": [ 2, 15, 2 ], 
            "to": [ 7, 16, 7 ], 
            "faces": {
                "north": { "texture": "#stone", "uv": [ 0, 0, 5, 1 ] },
                "east": { "texture": "#stone", "uv": [ 0, 0, 5, 1 ] },
                "south": { "texture": "#stone", "uv": [ 0, 0, 5, 1 ] },
                "west": { "texture": "#stone", "uv": [ 0, 0, 5, 1 ] },
                "up": { "texture": "#stone", "uv": [ 0, 0, 5, 5 ] }
            }
        },
        {
            "name": "front",
            "from": [ 6, 10, 0 ], 
            "to": [ 10, 11, 1 ], 
            "faces": {
                "north": { "texture": "#stone", "uv": [ 0, 0, 4, 1 ] },
                "east": { "texture": "#stone", "uv": [ 0, 0, 1, 1 ] },
                "west": { "texture": "#stone", "uv": [ 0, 0, 1, 1 ] },
                "up": { "texture": "#stone", "uv": [ 0, 0, 4, 1 ] }
            }
        },
        {
            "name": "pop8",
            "from": [ 0, 13, 0 ], 
            "to": [ 1, 14, 1 ], 
            "faces": {
                "north": { "texture": "#quartz_block_side", "uv": [ 0, 0, 1, 1 ] },
                "west": { "texture": "#quartz_block_side", "uv": [ 0, 0, 1, 1 ] }
            }
        },
        {
            "name": "pop9",
            "from": [ 14, 13, 0 ], 
            "to": [ 15, 14, 1 ], 
            "faces": {
                "north": { "texture": "#emerald_block", "uv": [ 0, 0, 1, 1 ] },
                "west": { "texture": "#emerald_block", "uv": [ 0, 0, 1, 1 ] }
            }
        },
        {
            "name": "pop10",
            "from": [ 1, 13, 0 ], 
            "to": [ 2, 14, 1 ], 
            "faces": {
                "north": { "texture": "#coal_block", "uv": [ 0, 0, 1, 1 ] },
                "east": { "texture": "#coal_block", "uv": [ 0, 0, 1, 1 ] }
            }
        },
        {
            "name": "pop11",
            "from": [ 3, 13, 0 ], 
            "to": [ 4, 14, 1 ], 
            "faces": {
                "north": { "texture": "#coal_block", "uv": [ 0, 0, 1, 1 ] },
                "east": { "texture": "#coal_block", "uv": [ 0, 0, 1, 1 ] },
                "west": { "texture": "#coal_block", "uv": [ 0, 0, 1, 1 ] }
            }
        },
        {
            "name": "handle",
            "from": [ 3, 2, 0 ], 
            "to": [ 13, 10, 1 ], 
            "faces": {
                "north": { "texture": "#stone", "uv": [ 0, 0, 10, 8 ] },
                "east": { "texture": "#stone", "uv": [ 0, 0, 1, 8 ] },
                "west": { "texture": "#stone", "uv": [ 0, 0, 1, 8 ] },
                "up": { "texture": "#stone", "uv": [ 0, 0, 10, 1 ] },
                "down": { "texture": "#stone", "uv": [ 0, 0, 10, 1 ] }
            }
        },
        {
            "name": "top",
            "from": [ 0, 15, 15 ], 
            "to": [ 16, 16, 16 ], 
            "faces": {
                "north": { "texture": "#quartz_block_side", "uv": [ 0, 0, 16, 1 ] },
                "east": { "texture": "#quartz_block_side", "uv": [ 0, 0, 1, 1 ] },
                "south": { "texture": "#quartz_block_side", "uv": [ 0, 0, 16, 1 ] },
                "west": { "texture": "#quartz_block_side", "uv": [ 0, 0, 1, 1 ] },
                "up": { "texture": "#quartz_block_side", "uv": [ 0, 0, 16, 1 ] }
            }
        },
        {
            "name": "top2",
            "from": [ 15, 15, 1 ], 
            "to": [ 16, 16, 15 ], 
            "faces": {
                "east": { "texture": "#quartz_block_side", "uv": [ 0, 0, 14, 1 ] },
                "west": { "texture": "#quartz_block_side", "uv": [ 0, 0, 14, 1 ] },
                "up": { "texture": "#quartz_block_side", "uv": [ 0, 0, 1, 14 ] }
            }
        },
        {
            "name": "top4",
            "from": [ 0, 15, 1 ], 
            "to": [ 1, 16, 15 ], 
            "faces": {
                "east": { "texture": "#quartz_block_side", "uv": [ 0, 0, 14, 1 ] },
                "west": { "texture": "#quartz_block_side", "uv": [ 0, 0, 14, 1 ] },
                "up": { "texture": "#quartz_block_side", "uv": [ 0, 0, 1, 14 ] }
            }
        }
    ]
}