{
    "textures": {
        "oak_planks": "minecraft:block/oak_planks",
        "spruce_planks": "minecraft:block/spruce_planks",
		"particle": "minecraft:block/oak_planks"
    },
    "display": {
        "gui": {
            "rotation": [ 30, 45, 0 ],
            "translation": [ 0, 0, 0 ],
            "scale": [ 0.625, 0.625, 0.625 ]
        },
        "ground": {
            "rotation": [ 0, 0, 0 ],
            "translation": [ 0, 3, 0 ],
            "scale": [ 0.25, 0.25, 0.25 ]
        },
        "fixed": {
            "rotation": [ 0, 180, 0 ],
            "translation": [ 0, 0, 0 ],
            "scale": [ 1, 1, 1 ]
        },
        "head": {
            "rotation": [ 0, 180, 0 ],
            "translation": [ 0, 0, 0 ],
            "scale": [ 1, 1, 1 ]
        },
        "firstperson_righthand": {
            "rotation": [ 0, 315, 0 ],
            "translation": [ 0, 2.5, 0 ],
            "scale": [ 0.4, 0.4, 0.4 ]
        },
        "thirdperson_righthand": {
            "rotation": [ 75, 315, 0 ],
            "translation": [ 0, 2.5, 0 ],
            "scale": [ 0.375, 0.375, 0.375 ]
        }
    },
    "elements": [
        {
            "name": "base",
            "from": [ 0, 0, 0 ], 
            "to": [ 16, 16, 15 ], 
            "faces": {
                "north": { "texture": "#oak_planks", "uv": [ 0, 0, 16, 16 ] },
                "east": { "texture": "#oak_planks", "uv": [ 0, 0, 15, 16 ] },
                "south": { "texture": "#oak_planks", "uv": [ 0, 0, 16, 16 ] },
                "west": { "texture": "#oak_planks", "uv": [ 0, 0, 15, 16 ] },
                "up": { "texture": "#oak_planks", "uv": [ 0, 0, 16, 15 ] },
                "down": { "texture": "#oak_planks", "uv": [ 0, 0, 16, 15 ] }
            }
        },
        {
            "name": "side",
            "from": [ 0, 1, 15 ], 
            "to": [ 1, 15, 16 ], 
            "faces": {
                "east": { "texture": "#oak_planks", "uv": [ 0, 0, 1, 14 ] },
                "south": { "texture": "#oak_planks", "uv": [ 0, 0, 1, 14 ] },
                "west": { "texture": "#oak_planks", "uv": [ 0, 0, 1, 14 ] }
            }
        },
        {
            "name": "side2",
            "from": [ 0, 0, 15 ], 
            "to": [ 16, 1, 16 ], 
            "faces": {
                "east": { "texture": "#oak_planks", "uv": [ 0, 0, 1, 1 ] },
                "south": { "texture": "#oak_planks", "uv": [ 0, 0, 16, 1 ] },
                "west": { "texture": "#oak_planks", "uv": [ 0, 0, 1, 1 ] },
                "up": { "texture": "#oak_planks", "uv": [ 0, 0, 16, 1 ] },
                "down": { "texture": "#oak_planks", "uv": [ 0, 0, 16, 1 ] }
            }
        },
        {
            "name": "side3",
            "from": [ 0, 15, 15 ], 
            "to": [ 16, 16, 16 ], 
            "faces": {
                "east": { "texture": "#oak_planks", "uv": [ 0, 0, 1, 1 ] },
                "south": { "texture": "#oak_planks", "uv": [ 0, 0, 16, 1 ] },
                "west": { "texture": "#oak_planks", "uv": [ 0, 0, 1, 1 ] },
                "up": { "texture": "#oak_planks", "uv": [ 0, 0, 16, 1 ] },
                "down": { "texture": "#oak_planks", "uv": [ 0, 0, 16, 1 ] }
            }
        },
        {
            "name": "side4",
            "from": [ 15, 1, 15 ], 
            "to": [ 16, 15, 16 ], 
            "faces": {
                "east": { "texture": "#oak_planks", "uv": [ 0, 0, 1, 14 ] },
                "south": { "texture": "#oak_planks", "uv": [ 0, 0, 1, 14 ] },
                "west": { "texture": "#oak_planks", "uv": [ 0, 0, 1, 14 ] }
            }
        },
        {
            "name": "door",
            "from": [ 12, 10, 15 ], 
            "to": [ 14, 14, 16 ], 
            "faces": {
                "east": { "texture": "#spruce_planks", "uv": [ 0, 0, 1, 4 ] },
                "south": { "texture": "#spruce_planks", "uv": [ 0, 0, 2, 4 ] },
                "up": { "texture": "#spruce_planks", "uv": [ 0, 0, 2, 1 ] },
                "down": { "texture": "#spruce_planks", "uv": [ 0, 0, 2, 1 ] }
            }
        },
        {
            "name": "door2",
            "from": [ 2, 2, 15 ], 
            "to": [ 12, 14, 16 ], 
            "faces": {
                "east": { "texture": "#spruce_planks", "uv": [ 0, 0, 1, 12 ] },
                "south": { "texture": "#spruce_planks", "uv": [ 0, 0, 10, 12 ] },
                "west": { "texture": "#spruce_planks", "uv": [ 0, 0, 1, 12 ] },
                "up": { "texture": "#spruce_planks", "uv": [ 0, 0, 10, 1 ] },
                "down": { "texture": "#spruce_planks", "uv": [ 0, 0, 10, 1 ] }
            }
        },
        {
            "name": "door3",
            "from": [ 13, 6, 15 ], 
            "to": [ 14, 10, 16 ], 
            "faces": {
                "east": { "texture": "#spruce_planks", "uv": [ 0, 0, 1, 4 ] },
                "south": { "texture": "#spruce_planks", "uv": [ 0, 0, 1, 4 ] },
                "west": { "texture": "#spruce_planks", "uv": [ 0, 0, 1, 4 ] }
            }
        },
        {
            "name": "door4",
            "from": [ 12, 2, 15 ], 
            "to": [ 14, 6, 16 ], 
            "faces": {
                "east": { "texture": "#spruce_planks", "uv": [ 0, 0, 1, 4 ] },
                "south": { "texture": "#spruce_planks", "uv": [ 0, 0, 2, 4 ] },
                "up": { "texture": "#spruce_planks", "uv": [ 0, 0, 2, 1 ] },
                "down": { "texture": "#spruce_planks", "uv": [ 0, 0, 2, 1 ] }
            }
        }
    ]
}