{
	"credit": "Made with Blockbench",
	"ambientocclusion": false,
	"textures": {
		"2": "block/flower_pot",
		"3": "block/potted_blue_orchid",
		"particle": "block/flower_pot"
	},
	"elements": [
		{
			"from": [7, 6, 6],
			"to": [9, 7, 7],
			"faces": {
				"north": {"uv": [7, 1, 9, 2], "texture": "#2"},
				"east": {"uv": [0, 0, 1, 1], "texture": "#missing"},
				"south": {"uv": [7, 1, 9, 2], "texture": "#2"},
				"west": {"uv": [0, 0, 1, 1], "texture": "#missing"},
				"up": {"uv": [7, 1, 9, 2], "texture": "#2"},
				"down": {"uv": [0, 0, 2, 1], "texture": "#missing"}
			}
		},
		{
			"from": [7, 6, 9],
			"to": [9, 7, 10],
			"faces": {
				"north": {"uv": [7, 1, 9, 2], "texture": "#2"},
				"east": {"uv": [0, 0, 1, 1], "texture": "#missing"},
				"south": {"uv": [7, 1, 9, 2], "texture": "#2"},
				"west": {"uv": [0, 0, 1, 1], "texture": "#missing"},
				"up": {"uv": [7, 1, 9, 2], "texture": "#2"},
				"down": {"uv": [0, 0, 2, 1], "texture": "#missing"}
			}
		},
		{
			"from": [10, 7, 6],
			"to": [11, 8, 10],
			"faces": {
				"north": {"uv": [0, 0, 1, 1], "texture": "#missing"},
				"east": {"uv": [6, 0, 10, 1], "texture": "#2"},
				"south": {"uv": [0, 0, 1, 1], "texture": "#missing"},
				"west": {"uv": [6, 1, 10, 2], "texture": "#2"},
				"up": {"uv": [7, 10, 8, 14], "texture": "#2"},
				"down": {"uv": [8, 10, 9, 14], "texture": "#2"}
			}
		},
		{
			"from": [9, 6, 6],
			"to": [10, 7, 10],
			"faces": {
				"north": {"uv": [5, 1, 6, 2], "texture": "#2"},
				"east": {"uv": [6, 1, 10, 2], "texture": "#2"},
				"south": {"uv": [7, 2, 8, 3], "texture": "#2"},
				"west": {"uv": [6, 1, 10, 2], "texture": "#2"},
				"up": {"uv": [7, 11, 8, 15], "texture": "#2"},
				"down": {"uv": [0, 0, 1, 4], "texture": "#missing"}
			}
		},
		{
			"from": [6, 6, 6],
			"to": [7, 7, 10],
			"faces": {
				"north": {"uv": [5, 1, 6, 2], "texture": "#2"},
				"east": {"uv": [6, 1, 10, 2], "texture": "#2"},
				"south": {"uv": [5, 1, 6, 2], "texture": "#2"},
				"west": {"uv": [6, 1, 10, 2], "texture": "#2"},
				"up": {"uv": [8, 10, 9, 14], "texture": "#2"},
				"down": {"uv": [0, 0, 1, 4], "texture": "#missing"}
			}
		},
		{
			"from": [6, 0, 6],
			"to": [10, 6, 10],
			"faces": {
				"up": {"uv": [0, 0, 4, 4], "texture": "#2"},
				"down": {"uv": [6, 10, 10, 14], "texture": "#2", "cullface": "down"}
			}
		},
		{
			"from": [6, 0, 10],
			"to": [10, 6, 11],
			"faces": {
				"north": {"uv": [6, 10, 10, 16], "texture": "#missing"},
				"south": {"uv": [6, 10, 10, 16], "texture": "#2"},
				"up": {"uv": [6, 10, 10, 11], "texture": "#2"},
				"down": {"uv": [6, 1, 10, 2], "texture": "#2", "cullface": "down"}
			}
		},
		{
			"from": [10, 0, 5],
			"to": [11, 6, 11],
			"faces": {
				"north": {"uv": [5, 10, 6, 16], "texture": "#2"},
				"east": {"uv": [5, 10, 11, 16], "texture": "#2"},
				"south": {"uv": [10, 10, 11, 16], "texture": "#2"},
				"west": {"uv": [5, 10, 11, 16], "texture": "#missing"},
				"up": {"uv": [10, 5, 11, 11], "texture": "#2"},
				"down": {"uv": [10, 6, 11, 12], "texture": "#2", "cullface": "down"}
			}
		},
		{
			"from": [6, 0, 5],
			"to": [10, 6, 6],
			"faces": {
				"north": {"uv": [6, 10, 10, 16], "texture": "#2"},
				"south": {"uv": [6, 10, 10, 16], "texture": "#missing"},
				"up": {"uv": [6, 5, 10, 6], "texture": "#2"},
				"down": {"uv": [6, 10, 10, 11], "texture": "#2", "cullface": "down"}
			}
		},
		{
			"from": [5, 0, 5],
			"to": [6, 6, 11],
			"faces": {
				"north": {"uv": [10, 10, 11, 16], "texture": "#2"},
				"east": {"uv": [5, 10, 11, 16], "texture": "#missing"},
				"south": {"uv": [5, 10, 6, 16], "texture": "#2"},
				"west": {"uv": [5, 10, 11, 16], "texture": "#2"},
				"up": {"uv": [5, 5, 6, 11], "texture": "#2"},
				"down": {"uv": [5, 6, 6, 12], "texture": "#2", "cullface": "down"}
			}
		},
		{
			"from": [5, 7, 10],
			"to": [11, 8, 11],
			"faces": {
				"north": {"uv": [5, 1, 11, 2], "texture": "#2"},
				"east": {"uv": [5, 1, 6, 2], "texture": "#2"},
				"south": {"uv": [5, 0, 11, 1], "texture": "#2"},
				"west": {"uv": [6, 1, 7, 2], "texture": "#2"},
				"up": {"uv": [5, 1, 11, 2], "texture": "#2"},
				"down": {"uv": [5, 1, 11, 2], "texture": "#2"}
			}
		},
		{
			"name": "plant 2",
			"from": [0, 6, 8],
			"to": [16, 22, 8],
			"rotation": {"angle": -45, "axis": "y", "origin": [8, 14, 8]},
			"faces": {
				"north": {"uv": [0, 0, 16, 16], "texture": "#3"},
				"east": {"uv": [0, 0, 0, 16], "texture": "#missing"},
				"south": {"uv": [0, 0, 16, 16], "texture": "#3"},
				"west": {"uv": [0, 0, 0, 16], "texture": "#missing"},
				"up": {"uv": [0, 0, 0, 16], "rotation": 90, "texture": "#missing"},
				"down": {"uv": [0, 0, 0, 16], "rotation": 270, "texture": "#missing"}
			}
		},
		{
			"from": [5, 7, 5],
			"to": [11, 8, 6],
			"faces": {
				"north": {"uv": [5, 0, 11, 1], "texture": "#2"},
				"east": {"uv": [5, 1, 6, 2], "texture": "#2"},
				"south": {"uv": [5, 1, 11, 2], "texture": "#2"},
				"west": {"uv": [5, 1, 6, 2], "texture": "#2"},
				"up": {"uv": [5, 1, 11, 2], "texture": "#2"},
				"down": {"uv": [5, 1, 11, 2], "texture": "#2"}
			}
		},
		{
			"from": [5, 7, 6],
			"to": [6, 8, 10],
			"faces": {
				"north": {"uv": [0, 0, 1, 1], "texture": "#missing"},
				"east": {"uv": [6, 1, 10, 2], "texture": "#2"},
				"south": {"uv": [0, 0, 1, 1], "texture": "#missing"},
				"west": {"uv": [6, 0, 10, 1], "texture": "#2"},
				"up": {"uv": [6, 10, 7, 14], "texture": "#2"},
				"down": {"uv": [8, 10, 9, 14], "texture": "#2"}
			}
		},
		{
			"name": "plant",
			"from": [8, 6, 0],
			"to": [8, 22, 16],
			"rotation": {"angle": -45, "axis": "y", "origin": [8, 14, 8]},
			"faces": {
				"north": {"uv": [0, 0, 0, 16], "texture": "#missing"},
				"east": {"uv": [0, 0, 16, 16], "texture": "#3"},
				"south": {"uv": [0, 0, 0, 16], "texture": "#missing"},
				"west": {"uv": [0, 0, 16, 16], "texture": "#3"},
				"up": {"uv": [0, 0, 0, 16], "texture": "#missing"},
				"down": {"uv": [0, 0, 0, 16], "texture": "#missing"}
			}
		},
		{
			"from": [11, 1, 5],
			"to": [12, 5, 11],
			"faces": {
				"north": {"uv": [5, 2, 6, 6], "texture": "#2"},
				"east": {"uv": [5, 2, 11, 6], "texture": "#2"},
				"south": {"uv": [5, 2, 6, 6], "texture": "#2"},
				"west": {"uv": [0, 0, 6, 4], "texture": "#missing"},
				"up": {"uv": [10, 5, 11, 11], "texture": "#2"},
				"down": {"uv": [6, 10, 7, 16], "texture": "#2"}
			}
		},
		{
			"from": [4, 1, 5],
			"to": [5, 5, 11],
			"faces": {
				"north": {"uv": [5, 2, 6, 6], "texture": "#2"},
				"east": {"uv": [0, 0, 6, 4], "texture": "#missing"},
				"south": {"uv": [5, 2, 6, 6], "texture": "#2"},
				"west": {"uv": [5, 2, 11, 6], "texture": "#2"},
				"up": {"uv": [6, 10, 7, 16], "texture": "#2"},
				"down": {"uv": [6, 10, 7, 16], "texture": "#2"}
			}
		},
		{
			"from": [5, 1, 11],
			"to": [11, 5, 12],
			"faces": {
				"north": {"uv": [0, 0, 6, 4], "texture": "#missing"},
				"east": {"uv": [7, 2, 8, 6], "texture": "#2"},
				"south": {"uv": [5, 2, 11, 6], "texture": "#2"},
				"west": {"uv": [5, 2, 6, 6], "texture": "#2"},
				"up": {"uv": [5, 2, 11, 3], "texture": "#2"},
				"down": {"uv": [5, 10, 11, 11], "texture": "#2"}
			}
		},
		{
			"from": [5, 1, 4],
			"to": [11, 5, 5],
			"faces": {
				"north": {"uv": [5, 2, 11, 6], "texture": "#2"},
				"east": {"uv": [5, 2, 6, 6], "texture": "#2"},
				"south": {"uv": [0, 0, 6, 4], "texture": "#missing"},
				"west": {"uv": [5, 2, 6, 6], "texture": "#2"},
				"up": {"uv": [5, 2, 11, 3], "texture": "#2"},
				"down": {"uv": [5, 10, 11, 11], "texture": "#2"}
			}
		}
	],
	"groups": [
		{
			"name": "potted_blue_orchid",
			"children": [
				{
					"name": "potted_blue_orchid",
					"children": [0, 1, 2, 3, 4, 5, 6, 7, 8, 9, 10, 11, 12, 13, 14, 15, 16, 17, 18]
				}
			]
		}
	]
}