{
	"credit": "Made with Blockbench",
	"ambientocclusion": false,
	"textures": {
		"2": "block/bamboo_pot",
		"particle": "block/bamboo_pot"
	},
	"elements": [
		{
			"from": [7, 7, 7],
			"to": [9, 23, 9],
			"faces": {
				"north": {"uv": [14, 0, 16, 16], "texture": "#2"},
				"east": {"uv": [14, 0, 16, 16], "texture": "#2"},
				"south": {"uv": [14, 0, 16, 16], "texture": "#2"},
				"west": {"uv": [14, 0, 16, 16], "texture": "#2"},
				"up": {"uv": [1, 5, 3, 7], "texture": "#2"},
				"down": {"uv": [12, 9, 16, 13], "texture": "#2"}
			}
		},
		{
			"from": [5, 1, 4],
			"to": [11, 5, 5],
			"faces": {
				"north": {"uv": [7, 2, 13, 6], "texture": "#2"},
				"east": {"uv": [8, 2, 9, 6], "texture": "#2"},
				"south": {"uv": [0, 0, 6, 4], "texture": "#missing"},
				"west": {"uv": [8, 2, 9, 6], "texture": "#2"},
				"up": {"uv": [7, 2, 13, 3], "texture": "#2"},
				"down": {"uv": [7, 10, 13, 11], "texture": "#2"}
			}
		},
		{
			"from": [5, 1, 11],
			"to": [11, 5, 12],
			"faces": {
				"north": {"uv": [7, 2, 13, 6], "texture": "#missing"},
				"east": {"uv": [8, 2, 9, 6], "texture": "#2"},
				"south": {"uv": [7, 2, 13, 6], "texture": "#2"},
				"west": {"uv": [8, 2, 9, 6], "texture": "#2"},
				"up": {"uv": [7, 1, 13, 2], "texture": "#2"},
				"down": {"uv": [7, 10, 13, 11], "texture": "#2"}
			}
		},
		{
			"from": [4, 1, 5],
			"to": [5, 5, 11],
			"faces": {
				"north": {"uv": [8, 2, 9, 6], "texture": "#2"},
				"east": {"uv": [7, 2, 8, 6], "texture": "#missing"},
				"south": {"uv": [8, 2, 9, 6], "texture": "#2"},
				"west": {"uv": [7, 2, 13, 6], "texture": "#2"},
				"up": {"uv": [7, 10, 8, 16], "texture": "#2"},
				"down": {"uv": [7, 10, 8, 16], "texture": "#2"}
			}
		},
		{
			"from": [11, 1, 5],
			"to": [12, 5, 11],
			"faces": {
				"north": {"uv": [8, 2, 9, 6], "texture": "#2"},
				"east": {"uv": [7, 2, 13, 6], "texture": "#2"},
				"south": {"uv": [8, 2, 9, 6], "texture": "#2"},
				"west": {"uv": [7, 2, 8, 6], "texture": "#missing"},
				"up": {"uv": [12, 5, 13, 11], "texture": "#2"},
				"down": {"uv": [7, 10, 8, 16], "texture": "#2"}
			}
		},
		{
			"from": [5, 7, 6],
			"to": [6, 8, 10],
			"faces": {
				"north": {"uv": [0, 0, 1, 1], "texture": "#missing"},
				"east": {"uv": [8, 1, 12, 2], "texture": "#2"},
				"south": {"uv": [0, 0, 1, 1], "texture": "#missing"},
				"west": {"uv": [8, 0, 12, 1], "texture": "#2"},
				"up": {"uv": [7, 10, 8, 14], "texture": "#2"},
				"down": {"uv": [8, 10, 9, 14], "texture": "#2"}
			}
		},
		{
			"from": [5, 7, 5],
			"to": [11, 8, 6],
			"faces": {
				"north": {"uv": [7, 0, 13, 1], "texture": "#2"},
				"east": {"uv": [9, 1, 10, 2], "texture": "#2"},
				"south": {"uv": [7, 1, 13, 2], "texture": "#2"},
				"west": {"uv": [8, 2, 9, 3], "texture": "#2"},
				"up": {"uv": [7, 1, 13, 2], "texture": "#2"},
				"down": {"uv": [7, 1, 13, 2], "texture": "#2"}
			}
		},
		{
			"from": [5, 7, 10],
			"to": [11, 8, 11],
			"faces": {
				"north": {"uv": [7, 1, 13, 2], "texture": "#2"},
				"east": {"uv": [8, 1, 9, 2], "texture": "#2"},
				"south": {"uv": [7, 0, 13, 1], "texture": "#2"},
				"west": {"uv": [9, 1, 10, 2], "texture": "#2"},
				"up": {"uv": [7, 1, 13, 2], "texture": "#2"},
				"down": {"uv": [7, 1, 13, 2], "texture": "#2"}
			}
		},
		{
			"from": [6, 0, 5],
			"to": [10, 6, 6],
			"faces": {
				"north": {"uv": [8, 10, 12, 16], "texture": "#2"},
				"south": {"uv": [6, 10, 10, 16], "texture": "#missing"},
				"up": {"uv": [8, 5, 12, 6], "texture": "#2"},
				"down": {"uv": [8, 10, 12, 11], "texture": "#2", "cullface": "down"}
			}
		},
		{
			"from": [10, 0, 5],
			"to": [11, 6, 11],
			"faces": {
				"north": {"uv": [7, 10, 8, 16], "texture": "#2"},
				"east": {"uv": [7, 10, 13, 16], "texture": "#2"},
				"south": {"uv": [10, 10, 11, 16], "texture": "#2"},
				"west": {"uv": [5, 10, 11, 16], "texture": "#missing"},
				"up": {"uv": [10, 5, 11, 11], "texture": "#2"},
				"down": {"uv": [10, 6, 11, 12], "texture": "#2", "cullface": "down"}
			}
		},
		{
			"from": [5, 0, 5],
			"to": [6, 6, 11],
			"faces": {
				"north": {"uv": [12, 10, 13, 16], "texture": "#2"},
				"east": {"uv": [5, 10, 11, 16], "texture": "#missing"},
				"south": {"uv": [7, 10, 8, 16], "texture": "#2"},
				"west": {"uv": [7, 10, 13, 16], "texture": "#2"},
				"up": {"uv": [7, 5, 8, 11], "texture": "#2"},
				"down": {"uv": [7, 6, 8, 12], "texture": "#2", "cullface": "down"}
			}
		},
		{
			"from": [6, 0, 10],
			"to": [10, 6, 11],
			"faces": {
				"north": {"uv": [6, 10, 10, 16], "texture": "#missing"},
				"south": {"uv": [8, 10, 12, 16], "texture": "#2"},
				"up": {"uv": [8, 10, 12, 11], "texture": "#2"},
				"down": {"uv": [8, 1, 12, 2], "texture": "#2", "cullface": "down"}
			}
		},
		{
			"from": [6, 0, 6],
			"to": [10, 6, 10],
			"faces": {
				"up": {"uv": [0, 0, 4, 4], "texture": "#2"},
				"down": {"uv": [8, 10, 12, 14], "texture": "#2", "cullface": "down"}
			}
		},
		{
			"from": [6, 6, 6],
			"to": [7, 7, 10],
			"faces": {
				"north": {"uv": [9, 1, 10, 2], "texture": "#2"},
				"east": {"uv": [6, 1, 10, 2], "texture": "#2"},
				"south": {"uv": [9, 1, 10, 2], "texture": "#2"},
				"west": {"uv": [8, 1, 12, 2], "texture": "#2"},
				"up": {"uv": [8, 10, 9, 14], "texture": "#2"},
				"down": {"uv": [0, 0, 1, 4], "texture": "#missing"}
			}
		},
		{
			"from": [9, 6, 6],
			"to": [10, 7, 10],
			"faces": {
				"north": {"uv": [7, 1, 8, 2], "texture": "#2"},
				"east": {"uv": [8, 1, 12, 2], "texture": "#2"},
				"south": {"uv": [7, 2, 8, 3], "texture": "#2"},
				"west": {"uv": [6, 1, 10, 2], "texture": "#2"},
				"up": {"uv": [7, 11, 8, 15], "texture": "#2"},
				"down": {"uv": [0, 0, 1, 4], "texture": "#missing"}
			}
		},
		{
			"from": [10, 7, 6],
			"to": [11, 8, 10],
			"faces": {
				"north": {"uv": [0, 0, 1, 1], "texture": "#missing"},
				"east": {"uv": [8, 0, 12, 1], "texture": "#2"},
				"south": {"uv": [0, 0, 1, 1], "texture": "#missing"},
				"west": {"uv": [8, 1, 12, 2], "texture": "#2"},
				"up": {"uv": [7, 10, 8, 14], "texture": "#2"},
				"down": {"uv": [8, 10, 9, 14], "texture": "#2"}
			}
		},
		{
			"from": [7, 6, 9],
			"to": [9, 7, 10],
			"faces": {
				"north": {"uv": [7, 1, 9, 2], "texture": "#2"},
				"east": {"uv": [0, 0, 1, 1], "texture": "#missing"},
				"south": {"uv": [9, 1, 11, 2], "texture": "#2"},
				"west": {"uv": [0, 0, 1, 1], "texture": "#missing"},
				"up": {"uv": [7, 1, 9, 2], "texture": "#2"},
				"down": {"uv": [0, 0, 2, 1], "texture": "#missing"}
			}
		},
		{
			"from": [7, 6, 6],
			"to": [9, 7, 7],
			"faces": {
				"north": {"uv": [9, 1, 11, 2], "texture": "#2"},
				"east": {"uv": [0, 0, 1, 1], "texture": "#missing"},
				"south": {"uv": [7, 1, 9, 2], "texture": "#2"},
				"west": {"uv": [0, 0, 1, 1], "texture": "#missing"},
				"up": {"uv": [7, 1, 9, 2], "texture": "#2"},
				"down": {"uv": [0, 0, 2, 1], "texture": "#missing"}
			}
		},
		{
			"from": [8, 14, 3],
			"to": [8, 19, 8],
			"faces": {
				"north": {"uv": [0, 0, 0, 5], "texture": "#missing"},
				"east": {"uv": [1, 8, 6, 14], "texture": "#2"},
				"south": {"uv": [0, 0, 0, 5], "texture": "#missing"},
				"west": {"uv": [1, 8, 6, 14], "texture": "#2"},
				"up": {"uv": [0, 0, 0, 4], "texture": "#missing"},
				"down": {"uv": [0, 0, 0, 4], "texture": "#missing"}
			}
		}
	],
	"groups": [
		{
			"name": "potted_bamboo",
			"children": [0, 1, 2, 3, 4, 5, 6, 7, 8, 9, 10, 11, 12, 13, 14, 15, 16, 17, 18]
		}
	]
}