{
    "textures": {
        "redstone_block": "minecraft:block/redstone_block",
        "quartz_block_side": "minecraft:block/quartz_block_side",
        "stone": "minecraft:block/stone",
		"particle": "minecraft:block/quartz_block_side"
    },
    "display": {
        "gui": {
            "rotation": [ 30, 45, 0 ],
            "translation": [ 0, 0, 0 ],
            "scale": [ 0.625, 0.625, 0.625 ]
        },
        "ground": {
            "rotation": [ 0, 0, 0 ],
            "translation": [ 0, 3, 0 ],
            "scale": [ 0.25, 0.25, 0.25 ]
        },
        "fixed": {
            "rotation": [ 0, 180, 0 ],
            "translation": [ 0, 0, 0 ],
            "scale": [ 1, 1, 1 ]
        },
        "head": {
            "rotation": [ 0, 180, 0 ],
            "translation": [ 0, 0, 0 ],
            "scale": [ 1, 1, 1 ]
        },
        "firstperson_righthand": {
            "rotation": [ 0, 315, 0 ],
            "translation": [ 0, 2.5, 0 ],
            "scale": [ 0.4, 0.4, 0.4 ]
        },
        "thirdperson_righthand": {
            "rotation": [ 75, 315, 0 ],
            "translation": [ 0, 2.5, 0 ],
            "scale": [ 0.375, 0.375, 0.375 ]
        }
    },
    "elements": [
        {
            "name": "base",
            "from": [ 0, 0, 0 ], 
            "to": [ 16, 16, 15 ], 
            "faces": {
                "north": { "texture": "#quartz_block_side", "uv": [ 0, 0, 16, 16 ] },
                "east": { "texture": "#quartz_block_side", "uv": [ 0, 0, 15, 16 ] },
                "south": { "texture": "#quartz_block_side", "uv": [ 0, 0, 16, 16 ] },
                "west": { "texture": "#quartz_block_side", "uv": [ 0, 0, 15, 16 ] },
                "up": { "texture": "#quartz_block_side", "uv": [ 0, 0, 16, 15 ] },
                "down": { "texture": "#quartz_block_side", "uv": [ 0, 0, 16, 15 ] }
            }
        },
        {
            "name": "side",
            "from": [ 0, 1, 15 ], 
            "to": [ 1, 15, 16 ], 
            "faces": {
                "east": { "texture": "#quartz_block_side", "uv": [ 0, 0, 1, 14 ] },
                "south": { "texture": "#quartz_block_side", "uv": [ 0, 0, 1, 14 ] },
                "west": { "texture": "#quartz_block_side", "uv": [ 0, 0, 1, 14 ] }
            }
        },
        {
            "name": "side2",
            "from": [ 0, 0, 15 ], 
            "to": [ 16, 1, 16 ], 
            "faces": {
                "east": { "texture": "#quartz_block_side", "uv": [ 0, 0, 1, 1 ] },
                "south": { "texture": "#quartz_block_side", "uv": [ 0, 0, 16, 1 ] },
                "west": { "texture": "#quartz_block_side", "uv": [ 0, 0, 1, 1 ] },
                "up": { "texture": "#quartz_block_side", "uv": [ 0, 0, 16, 1 ] },
                "down": { "texture": "#quartz_block_side", "uv": [ 0, 0, 16, 1 ] }
            }
        },
        {
            "name": "side3",
            "from": [ 0, 15, 15 ], 
            "to": [ 16, 16, 16 ], 
            "faces": {
                "east": { "texture": "#quartz_block_side", "uv": [ 0, 0, 1, 1 ] },
                "south": { "texture": "#quartz_block_side", "uv": [ 0, 0, 16, 1 ] },
                "west": { "texture": "#quartz_block_side", "uv": [ 0, 0, 1, 1 ] },
                "up": { "texture": "#quartz_block_side", "uv": [ 0, 0, 16, 1 ] },
                "down": { "texture": "#quartz_block_side", "uv": [ 0, 0, 16, 1 ] }
            }
        },
        {
            "name": "side4",
            "from": [ 15, 1, 15 ], 
            "to": [ 16, 15, 16 ], 
            "faces": {
                "east": { "texture": "#quartz_block_side", "uv": [ 0, 0, 1, 14 ] },
                "south": { "texture": "#quartz_block_side", "uv": [ 0, 0, 1, 14 ] },
                "west": { "texture": "#quartz_block_side", "uv": [ 0, 0, 1, 14 ] }
            }
        },
        {
            "name": "door",
            "from": [ 12, 5, 15 ], 
            "to": [ 13, 11, 16 ], 
            "faces": {
                "east": { "texture": "#stone", "uv": [ 0, 0, 1, 6 ] },
                "south": { "texture": "#stone", "uv": [ 0, 0, 1, 6 ] },
                "up": { "texture": "#stone", "uv": [ 0, 0, 1, 1 ] },
                "down": { "texture": "#stone", "uv": [ 0, 0, 1, 1 ] }
            }
        },
        {
            "name": "door2",
            "from": [ 4, 4, 15 ], 
            "to": [ 12, 12, 16 ], 
            "faces": {
                "east": { "texture": "#stone", "uv": [ 0, 0, 1, 8 ] },
                "south": { "texture": "#stone", "uv": [ 0, 0, 8, 8 ] },
                "west": { "texture": "#stone", "uv": [ 0, 0, 1, 8 ] },
                "up": { "texture": "#stone", "uv": [ 0, 0, 8, 1 ] },
                "down": { "texture": "#stone", "uv": [ 0, 0, 8, 1 ] }
            }
        },
        {
            "name": "door3",
            "from": [ 5, 12, 15 ], 
            "to": [ 11, 13, 16 ], 
            "faces": {
                "east": { "texture": "#stone", "uv": [ 0, 0, 1, 1 ] },
                "south": { "texture": "#stone", "uv": [ 0, 0, 6, 1 ] },
                "west": { "texture": "#stone", "uv": [ 0, 0, 1, 1 ] },
                "up": { "texture": "#stone", "uv": [ 0, 0, 6, 1 ] }
            }
        },
        {
            "name": "door5",
            "from": [ 5, 3, 15 ], 
            "to": [ 11, 4, 16 ], 
            "faces": {
                "east": { "texture": "#stone", "uv": [ 0, 0, 1, 1 ] },
                "south": { "texture": "#stone", "uv": [ 0, 0, 6, 1 ] },
                "west": { "texture": "#stone", "uv": [ 0, 0, 1, 1 ] },
                "down": { "texture": "#stone", "uv": [ 0, 0, 6, 1 ] }
            }
        },
        {
            "name": "button",
            "from": [ 1, 14, 15 ], 
            "to": [ 2, 15, 16 ], 
            "faces": {
                "east": { "texture": "#redstone_block", "uv": [ 0, 0, 1, 1 ] },
                "south": { "texture": "#redstone_block", "uv": [ 0, 0, 1, 1 ] },
                "down": { "texture": "#redstone_block", "uv": [ 0, 0, 1, 1 ] }
            }
        },
        {
            "name": "door6",
            "from": [ 3, 5, 15 ], 
            "to": [ 4, 11, 16 ], 
            "faces": {
                "south": { "texture": "#stone", "uv": [ 0, 0, 1, 6 ] },
                "west": { "texture": "#stone", "uv": [ 0, 0, 1, 6 ] },
                "up": { "texture": "#stone", "uv": [ 0, 0, 1, 1 ] },
                "down": { "texture": "#stone", "uv": [ 0, 0, 1, 1 ] }
            }
        }
    ]
}