{
    "textures": {
        "red_wool": "minecraft:block/red_wool",
        "oak_planks": "minecraft:block/oak_planks",
        "green_wool": "minecraft:block/green_wool",
		"particle": "minecraft:block/oak_planks"
    },
    "display": {
        "gui": {
            "rotation": [ 30, 45, 0 ],
            "translation": [ 0, 0, 0 ],
            "scale": [ 0.625, 0.625, 0.625 ]
        },
        "ground": {
            "rotation": [ 0, 0, 0 ],
            "translation": [ 0, 3, 0 ],
            "scale": [ 0.25, 0.25, 0.25 ]
        },
        "fixed": {
            "rotation": [ 0, 180, 0 ],
            "translation": [ 0, 0, 0 ],
            "scale": [ 1, 1, 1 ]
        },
        "head": {
            "rotation": [ 0, 180, 0 ],
            "translation": [ 0, 0, 0 ],
            "scale": [ 1, 1, 1 ]
        },
        "firstperson_righthand": {
            "rotation": [ 0, 315, 0 ],
            "translation": [ 0, 2.5, 0 ],
            "scale": [ 0.4, 0.4, 0.4 ]
        },
        "thirdperson_righthand": {
            "rotation": [ 75, 315, 0 ],
            "translation": [ 0, 2.5, 0 ],
            "scale": [ 0.375, 0.375, 0.375 ]
        }
    },
    "elements": [
        {
            "name": "base",
            "from": [ 13, 3, 8 ], 
            "to": [ 16, 13, 15 ], 
            "faces": {
                "east": { "texture": "#oak_planks", "uv": [ 0, 3, 7, 13 ] },
                "south": { "texture": "#oak_planks", "uv": [ 0, 0, 3, 10 ] },
                "west": { "texture": "#oak_planks", "uv": [ 0, 0, 7, 10 ] }
            }
        },
        {
            "name": "side",
            "from": [ 0, 1, 15 ], 
            "to": [ 1, 15, 16 ], 
            "faces": {
                "north": { "texture": "#oak_planks", "uv": [ 0, 0, 1, 14 ] },
                "east": { "texture": "#oak_planks", "uv": [ 0, 0, 1, 14 ] },
                "south": { "texture": "#oak_planks", "uv": [ 0, 0, 1, 14 ] },
                "west": { "texture": "#oak_planks", "uv": [ 0, 0, 1, 14 ] }
            }
        },
        {
            "name": "side2",
            "from": [ 0, 0, 15 ], 
            "to": [ 16, 1, 16 ], 
            "faces": {
                "east": { "texture": "#oak_planks", "uv": [ 0, 0, 1, 1 ] },
                "south": { "texture": "#oak_planks", "uv": [ 0, 0, 16, 1 ] },
                "west": { "texture": "#oak_planks", "uv": [ 0, 0, 1, 1 ] },
                "up": { "texture": "#oak_planks", "uv": [ 0, 0, 16, 1 ] },
                "down": { "texture": "#oak_planks", "uv": [ 0, 0, 16, 1 ] }
            }
        },
        {
            "name": "side3",
            "from": [ 0, 15, 15 ], 
            "to": [ 16, 16, 16 ], 
            "faces": {
                "east": { "texture": "#oak_planks", "uv": [ 0, 0, 1, 1 ] },
                "south": { "texture": "#oak_planks", "uv": [ 0, 0, 16, 1 ] },
                "west": { "texture": "#oak_planks", "uv": [ 0, 0, 1, 1 ] },
                "up": { "texture": "#oak_planks", "uv": [ 0, 0, 16, 1 ] },
                "down": { "texture": "#oak_planks", "uv": [ 0, 0, 16, 1 ] }
            }
        },
        {
            "name": "side4",
            "from": [ 15, 1, 15 ], 
            "to": [ 16, 15, 16 ], 
            "faces": {
                "north": { "texture": "#oak_planks", "uv": [ 0, 0, 1, 14 ] },
                "east": { "texture": "#oak_planks", "uv": [ 0, 0, 1, 14 ] },
                "south": { "texture": "#oak_planks", "uv": [ 0, 0, 1, 14 ] },
                "west": { "texture": "#oak_planks", "uv": [ 0, 0, 1, 14 ] }
            }
        },
        {
            "name": "base2",
            "from": [ 0, 0, 0 ], 
            "to": [ 16, 16, 8 ], 
            "faces": {
                "north": { "texture": "#oak_planks", "uv": [ 0, 0, 16, 16 ] },
                "east": { "texture": "#oak_planks", "uv": [ 0, 0, 8, 16 ] },
                "south": { "texture": "#oak_planks", "uv": [ 0, 0, 16, 16 ] },
                "west": { "texture": "#oak_planks", "uv": [ 0, 0, 8, 16 ] },
                "up": { "texture": "#oak_planks", "uv": [ 0, 0, 16, 8 ] },
                "down": { "texture": "#oak_planks", "uv": [ 0, 0, 16, 8 ] }
            }
        },
        {
            "name": "base3",
            "from": [ 3, 7, 8 ], 
            "to": [ 13, 9, 15 ], 
            "faces": {
                "south": { "texture": "#oak_planks", "uv": [ 0, 0, 10, 2 ] },
                "up": { "texture": "#oak_planks", "uv": [ 0, 0, 10, 7 ] },
                "down": { "texture": "#oak_planks", "uv": [ 0, 0, 10, 7 ] }
            }
        },
        {
            "name": "base4",
            "from": [ 0, 13, 8 ], 
            "to": [ 16, 16, 15 ], 
            "faces": {
                "east": { "texture": "#oak_planks", "uv": [ 0, 0, 7, 3 ] },
                "south": { "texture": "#oak_planks", "uv": [ 0, 0, 16, 3 ] },
                "west": { "texture": "#oak_planks", "uv": [ 0, 0, 7, 3 ] },
                "up": { "texture": "#oak_planks", "uv": [ 0, 0, 16, 7 ] },
                "down": { "texture": "#oak_planks", "uv": [ 0, 0, 16, 7 ] }
            }
        },
        {
            "name": "base5",
            "from": [ 0, 3, 8 ], 
            "to": [ 3, 13, 15 ], 
            "faces": {
                "east": { "texture": "#oak_planks", "uv": [ 0, 0, 7, 10 ] },
                "south": { "texture": "#oak_planks", "uv": [ 0, 0, 3, 10 ] },
                "west": { "texture": "#oak_planks", "uv": [ 0, 3, 7, 13 ] }
            }
        },
        {
            "name": "book",
            "from": [ 4, 9, 8 ], 
            "to": [ 9, 11, 14 ], 
            "faces": {
                "east": { "texture": "#red_wool", "uv": [ 0, 0, 6, 2 ] },
                "south": { "texture": "#red_wool", "uv": [ 0, 0, 5, 2 ] },
                "west": { "texture": "#red_wool", "uv": [ 0, 0, 6, 2 ] },
                "up": { "texture": "#red_wool", "uv": [ 0, 0, 5, 6 ] }
            }
        },
        {
            "name": "book2",
            "from": [ 10, 3, 8 ], 
            "to": [ 12, 7, 14 ], 
            "faces": {
                "east": { "texture": "#green_wool", "uv": [ 0, 0, 6, 4 ] },
                "south": { "texture": "#green_wool", "uv": [ 0, 0, 2, 4 ] },
                "west": { "texture": "#green_wool", "uv": [ 0, 0, 6, 4 ] }
            }
        },
        {
            "name": "base6",
            "from": [ 0, 0, 8 ], 
            "to": [ 16, 3, 15 ], 
            "faces": {
                "east": { "texture": "#oak_planks", "uv": [ 0, 1, 7, 4 ] },
                "south": { "texture": "#oak_planks", "uv": [ 0, 0, 16, 3 ] },
                "west": { "texture": "#oak_planks", "uv": [ 0, 1, 7, 4 ] },
                "up": { "texture": "#oak_planks", "uv": [ 0, 0, 16, 7 ] },
                "down": { "texture": "#oak_planks", "uv": [ 0, 0, 16, 7 ] }
            }
        }
    ]
}