{
	"credit": "Made with Blockbench",
	"texture_size": [32, 32],
	"textures": {
		"0": "block/signs/elevatordoor",
		"1": "block/signs/elevatordoor2",
		"2": "block/signs/buttonside",
		"3": "block/signs/steel",
		"particle": "block/signs/elevatordoor"
	},
	"elements": [
		{
			"from": [2, -16, 8],
			"to": [4, 31, 9],
			"rotation": {"angle": 0, "axis": "y", "origin": [3, 7.5, 8.5]},
			"faces": {
				"north": {"uv": [12.522, 0, 14.4095, 15.9985], "texture": "#0"},
				"east": {"uv": [14.211, 0, 15.304, 15.999], "texture": "#1"},
				"south": {"uv": [1.6895, 0, 3.974, 15.9985], "texture": "#1"},
				"west": {"uv": [0, 1.9875, 0.7945, 15.9995], "texture": "#1"},
				"up": {"uv": [0, 0, 16, 16], "rotation": 90, "texture": "#2"},
				"down": {"uv": [0, 0, 16, 16], "texture": "#3"}
			}
		},
		{
			"from": [28, -16, 8],
			"to": [30, 31, 9],
			"rotation": {"angle": 0, "axis": "y", "origin": [23, 7.5, 8]},
			"faces": {
				"north": {"uv": [1.6895, 0, 3.974, 15.9985], "texture": "#1"},
				"east": {"uv": [0, 1.9875, 0.7945, 15.9995], "texture": "#1"},
				"south": {"uv": [12.522, 0, 14.4095, 15.9985], "texture": "#0"},
				"west": {"uv": [14.211, 0, 15.304, 15.999], "texture": "#1"},
				"up": {"uv": [0, 0, 16, 16], "rotation": 270, "texture": "#2"},
				"down": {"uv": [0, 0, 16, 16], "rotation": 180, "texture": "#3"}
			}
		},
		{
			"from": [0, -16, 6],
			"to": [2, 30, 10],
			"rotation": {"angle": 0, "axis": "y", "origin": [8, 8, 15]},
			"faces": {
				"north": {"uv": [0, 0, 16, 16], "rotation": 270, "texture": "#3"},
				"east": {"uv": [0, 0, 16, 16], "rotation": 90, "texture": "#3"},
				"south": {"uv": [0, 0, 16, 16], "rotation": 90, "texture": "#3"},
				"west": {"uv": [0, 0, 16, 16], "rotation": 90, "texture": "#3"},
				"up": {"uv": [0, 0, 1, 2], "texture": "#missing"},
				"down": {"uv": [0, 0, 1, 2], "texture": "#3"}
			}
		},
		{
			"from": [30, -16, 6],
			"to": [32, 30, 10],
			"rotation": {"angle": 0, "axis": "y", "origin": [38, 8, 15]},
			"faces": {
				"north": {"uv": [0, 0, 16, 16], "rotation": 270, "texture": "#3"},
				"east": {"uv": [0, 0, 16, 16], "rotation": 90, "texture": "#3"},
				"south": {"uv": [0, 0, 16, 16], "rotation": 90, "texture": "#3"},
				"west": {"uv": [0, 0, 16, 16], "rotation": 90, "texture": "#3"},
				"up": {"uv": [0, 0, 1, 2], "texture": "#missing"},
				"down": {"uv": [0, 0, 1, 2], "texture": "#3"}
			}
		},
		{
			"from": [0, 30, 6],
			"to": [32, 32, 10],
			"rotation": {"angle": 0, "axis": "y", "origin": [10, 39, 17]},
			"faces": {
				"north": {"uv": [0, 0, 16, 16], "rotation": 180, "texture": "#3"},
				"east": {"uv": [0, 0, 2, 0.5], "texture": "#3"},
				"south": {"uv": [0, 0, 16, 16], "texture": "#3"},
				"west": {"uv": [0, 0, 2, 0.5], "texture": "#3"},
				"up": {"uv": [0, 0, 16, 16], "texture": "#3"},
				"down": {"uv": [0, 0, 15, 2], "texture": "#3"}
			}
		}
	],
	"display": {
		"firstperson_righthand": {
			"scale": [0.2, 0.2, 0.2]
		},
		"firstperson_lefthand": {
			"scale": [0.2, 0.2, 0.2]
		},
		"ground": {
			"scale": [0.2, 0.2, 0.21]
		},
		"gui": {
			"rotation": [39, -15, 0],
			"translation": [-2.5, 0.25, 0],
			"scale": [0.3, 0.3, 0.3]
		},
		"fixed": {
			"translation": [-1.5, 0, 0],
			"scale": [0.2, 0.2, 0.2]
		}
	},
	"groups": [
		{
			"name": "group",
			"origin": [8, 8, 8],
			"children": [0, 1, 2, 3, 4]
		}
	]
}