{
	"credit": "Made with Blockbench",
	"parent": "./cit_item_ceilingsapling",
	"textures": {
		"0": "./acacia_sapling_0",
		"1_0": "./flower_pot_5"
	},
	"elements": [
		{
			"from": [4, 6, 4],
			"to": [12, 11, 12],
			"faces": {
				"north": {"uv": [10, 12.5, 14, 15], "texture": "#1_0"},
				"east": {"uv": [10, 12.5, 14, 15], "texture": "#1_0"},
				"south": {"uv": [10, 12.5, 14, 15], "texture": "#1_0"},
				"west": {"uv": [10, 12.5, 14, 15], "texture": "#1_0"},
				"up": {"uv": [8, 8, 12, 12], "texture": "#1_0"},
				"down": {"uv": [12, 8, 16, 12], "texture": "#1_0"}
			}
		},
		{
			"from": [8, 0, 5],
			"to": [8.01, 32, 11],
			"rotation": {"angle": 45, "axis": "y", "origin": [8, 18, 8]},
			"faces": {
				"east": {"uv": [0, 0, 3.5, 16], "texture": "#1_0"},
				"west": {"uv": [0, 0, 3.5, 16], "texture": "#1_0"}
			}
		},
		{
			"from": [5, 0, 8],
			"to": [11, 32, 8.01],
			"rotation": {"angle": 45, "axis": "y", "origin": [8, 18, 8]},
			"faces": {
				"north": {"uv": [0, 0, 3.5, 16], "texture": "#1_0"},
				"south": {"uv": [0, 0, 3.5, 16], "texture": "#1_0"}
			}
		},
		{
			"from": [0, 13, 0],
			"to": [16, 13.01, 16],
			"rotation": {"angle": 45, "axis": "y", "origin": [8, 13, 8]},
			"faces": {
				"up": {"uv": [0, 8, 8, 16], "texture": "#0"},
				"down": {"uv": [0, 8, 8, 16], "texture": "#0"}
			}
		},
		{
			"from": [3.5, 16, 3.5],
			"to": [12.5, 16.01, 12.5],
			"rotation": {"angle": 45, "axis": "y", "origin": [8, 21, 8]},
			"faces": {
				"up": {"uv": [1, 8.5, 5.5, 13], "texture": "#0"},
				"down": {"uv": [1, 8.5, 5.5, 13], "texture": "#0"}
			}
		},
		{
			"from": [0, 19, -6],
			"to": [16, 19.01, 2],
			"rotation": {"angle": -45, "axis": "x", "origin": [8, 21, 8]},
			"faces": {
				"up": {"uv": [0, 12, 8, 16], "rotation": 180, "texture": "#0"},
				"down": {"uv": [0, 16, 8, 12], "rotation": 180, "texture": "#0"}
			}
		},
		{
			"from": [0, 19, 14],
			"to": [16, 19.01, 22],
			"rotation": {"angle": 45, "axis": "x", "origin": [8, 21, 8]},
			"faces": {
				"up": {"uv": [0, 12, 8, 16], "texture": "#0"},
				"down": {"uv": [0, 16, 8, 12], "texture": "#0"}
			}
		},
		{
			"from": [-6, 19, 0],
			"to": [2, 19.01, 16],
			"rotation": {"angle": 45, "axis": "z", "origin": [8, 21, 8]},
			"faces": {
				"up": {"uv": [0, 12, 8, 16], "rotation": 90, "texture": "#0"},
				"down": {"uv": [0, 16, 8, 12], "rotation": 270, "texture": "#0"}
			}
		},
		{
			"from": [14, 19, 0],
			"to": [22, 19.01, 16],
			"rotation": {"angle": -45, "axis": "z", "origin": [8, 21, 8]},
			"faces": {
				"up": {"uv": [0, 12, 8, 16], "rotation": 270, "texture": "#0"},
				"down": {"uv": [0, 16, 8, 12], "rotation": 90, "texture": "#0"}
			}
		},
		{
			"from": [0, 18, -2],
			"to": [16, 18.01, 6],
			"rotation": {"angle": -22.5, "axis": "x", "origin": [8, 20, 8]},
			"faces": {
				"up": {"uv": [8, 12, 16, 16], "rotation": 180, "texture": "#0"},
				"down": {"uv": [8, 16, 16, 12], "rotation": 180, "texture": "#0"}
			}
		},
		{
			"from": [10, 18, 0],
			"to": [18, 18.01, 16],
			"rotation": {"angle": -22.5, "axis": "z", "origin": [8, 20, 8]},
			"faces": {
				"up": {"uv": [8, 12, 16, 16], "rotation": 270, "texture": "#0"},
				"down": {"uv": [16, 12, 8, 16], "rotation": 270, "texture": "#0"}
			}
		},
		{
			"from": [0, 18, 10],
			"to": [16, 18.01, 18],
			"rotation": {"angle": 22.5, "axis": "x", "origin": [8, 20, 8]},
			"faces": {
				"up": {"uv": [8, 12, 16, 16], "texture": "#0"},
				"down": {"uv": [8, 16, 16, 12], "texture": "#0"}
			}
		},
		{
			"from": [-2, 18, 0],
			"to": [6, 18.01, 16],
			"rotation": {"angle": 22.5, "axis": "z", "origin": [8, 20, 8]},
			"faces": {
				"up": {"uv": [8, 12, 16, 16], "rotation": 90, "texture": "#0"},
				"down": {"uv": [16, 12, 8, 16], "rotation": 90, "texture": "#0"}
			}
		},
		{
			"from": [5, -9, 15.25],
			"to": [15, 11, 15.26],
			"faces": {
				"north": {"uv": [11, 0, 16, 10], "texture": "#0"},
				"south": {"uv": [16, 0, 11, 10], "texture": "#0"}
			}
		},
		{
			"from": [5, 1, 10.25],
			"to": [15, 9, 10.26],
			"rotation": {"angle": -22.5, "axis": "x", "origin": [7, 20, 7]},
			"faces": {
				"north": {"uv": [11, 3, 16, 7], "texture": "#0"},
				"south": {"uv": [16, 3, 11, 7], "texture": "#0"}
			}
		}
	],
	"groups": [
		{
			"name": "flower_pot",
			"children": [0, 1, 2]
		},
		{
			"name": "plant",
			"children": [3, 4, 5, 6, 7, 8, 9, 10, 11, 12, 13, 14]
		}
	]
}