{
	"credit": "Made with Blockbench",
	"parent": "./cit_item_l",
	"textures": {
		"0": "./acacia_sapling_4",
		"1_0": "./flower_pot_l_0f"
	},
	"elements": [
		{
			"name": "flower_pot",
			"from": [4, 0, 4],
			"to": [12, 7, 12],
			"faces": {
				"north": {"uv": [4, 9, 12, 16], "texture": "#1_0"},
				"east": {"uv": [4, 9, 12, 16], "texture": "#1_0"},
				"south": {"uv": [4, 9, 12, 16], "texture": "#1_0"},
				"west": {"uv": [4, 9, 12, 16], "texture": "#1_0"},
				"up": {"uv": [0, 0, 8, 8], "texture": "#1_0"},
				"down": {"uv": [8, 0, 16, 8], "texture": "#1_0"}
			}
		},
		{
			"from": [6.5, 7, 6.5],
			"to": [9.5, 11, 9.5],
			"faces": {
				"north": {"uv": [0, 14, 1.5, 16], "texture": "#0"},
				"east": {"uv": [0, 14, 1.5, 16], "texture": "#0"},
				"south": {"uv": [0, 14, 1.5, 16], "texture": "#0"},
				"west": {"uv": [0, 14, 1.5, 16], "texture": "#0"},
				"up": {"uv": [2, 14.5, 3.5, 16], "texture": "#0"}
			}
		},
		{
			"from": [0.8, 9, 8],
			"to": [15.2, 32, 8.01],
			"rotation": {"angle": 45, "axis": "y", "origin": [8, 8, 8], "rescale": true},
			"faces": {
				"north": {"uv": [8, 2.5, 16, 14], "texture": "#0"},
				"south": {"uv": [8, 2.5, 16, 14], "texture": "#0"}
			}
		},
		{
			"from": [8, 9, 0.8],
			"to": [8.01, 32, 15.2],
			"rotation": {"angle": 45, "axis": "y", "origin": [8, 8, 8], "rescale": true},
			"faces": {
				"east": {"uv": [8, 2.5, 16, 14], "texture": "#0"},
				"west": {"uv": [8, 2.5, 16, 14], "texture": "#0"}
			}
		},
		{
			"from": [-7, 25, 1],
			"to": [6, 25.01, 14],
			"rotation": {"angle": 22.5, "axis": "z", "origin": [8, 28, 8]},
			"faces": {
				"up": {"uv": [0, 6.5, 6.5, 0], "rotation": 90, "texture": "#0"},
				"down": {"uv": [0, 6.5, 6.5, 0], "rotation": 90, "texture": "#0"}
			}
		},
		{
			"from": [2, 21, -7],
			"to": [15, 21.01, 6],
			"rotation": {"angle": -22.5, "axis": "x", "origin": [8, 25, 8]},
			"faces": {
				"up": {"uv": [0, 0, 6.5, 6.5], "texture": "#0"},
				"down": {"uv": [0, 0, 6.5, 6.5], "rotation": 180, "texture": "#0"}
			}
		},
		{
			"from": [2, 12, -3],
			"to": [13, 12.01, 7],
			"rotation": {"angle": 22.5, "axis": "y", "origin": [8, 8, 8]},
			"faces": {
				"up": {"uv": [0, 8, 5.5, 13], "texture": "#0"},
				"down": {"uv": [0, 8, 5.5, 13], "rotation": 180, "texture": "#0"}
			}
		},
		{
			"from": [10, 14, 2],
			"to": [20, 14.01, 13],
			"rotation": {"angle": -22.5, "axis": "x", "origin": [8, 16, 8]},
			"faces": {
				"up": {"uv": [0, 8, 5.5, 13], "rotation": 90, "texture": "#0"},
				"down": {"uv": [0, 13, 5.5, 8], "rotation": 270, "texture": "#0"}
			}
		},
		{
			"from": [-1, 16, 11],
			"to": [10, 16.01, 21],
			"rotation": {"angle": 22.5, "axis": "x", "origin": [8, 19, 8]},
			"faces": {
				"up": {"uv": [0, 8, 5.5, 13], "rotation": 180, "texture": "#0"},
				"down": {"uv": [0, 8, 5.5, 13], "texture": "#0"}
			}
		}
	],
	"groups": [0,
		{
			"name": "plant",
			"children": [1, 2, 3, 4, 5, 6, 7, 8]
		}
	]
}