{
	"credit": "Made with Blockbench",
	"parent": "./cit_item_l",
	"textures": {
		"0": "./acacia_sapling_3",
		"1": "./acacia_sapling_3_01",
		"1_0": "./flower_pot_l_0e"
	},
	"elements": [
		{
			"name": "flower_pot",
			"from": [4, 0, 4],
			"to": [12, 7, 12],
			"faces": {
				"north": {"uv": [4, 9, 12, 16], "texture": "#1_0"},
				"east": {"uv": [4, 9, 12, 16], "texture": "#1_0"},
				"south": {"uv": [4, 9, 12, 16], "texture": "#1_0"},
				"west": {"uv": [4, 9, 12, 16], "texture": "#1_0"},
				"up": {"uv": [0, 0, 8, 8], "texture": "#1_0"},
				"down": {"uv": [8, 0, 16, 8], "texture": "#1_0"}
			}
		},
		{
			"from": [-5.2, 0, 8],
			"to": [21.6, 32, 8.01],
			"rotation": {"angle": 45, "axis": "y", "origin": [8, 24, 8], "rescale": true},
			"faces": {
				"north": {"uv": [0, 0, 16, 16], "texture": "#0"},
				"south": {"uv": [0, 0, 16, 16], "texture": "#0"}
			}
		},
		{
			"from": [8, 0, -5.2],
			"to": [8.01, 32, 21.6],
			"rotation": {"angle": 45, "axis": "y", "origin": [8, 24, 8], "rescale": true},
			"faces": {
				"east": {"uv": [0, 0, 16, 16], "texture": "#0"},
				"west": {"uv": [0, 0, 16, 16], "texture": "#0"}
			}
		},
		{
			"from": [-1, 12, 0.1],
			"to": [15, 12.01, 16.1],
			"rotation": {"angle": 22.5, "axis": "z", "origin": [8, 8, 8]},
			"faces": {
				"up": {"uv": [0, 0, 16, 16], "rotation": 90, "texture": "#1"},
				"down": {"uv": [0, 0, 16, 16], "rotation": 90, "texture": "#1"}
			}
		},
		{
			"from": [-0.1, 12, 1],
			"to": [15.9, 12.01, 17],
			"rotation": {"angle": 22.5, "axis": "x", "origin": [8, 8, 8]},
			"faces": {
				"up": {"uv": [0, 0, 16, 16], "texture": "#1"},
				"down": {"uv": [0, 0, 16, 16], "rotation": 180, "texture": "#1"}
			}
		},
		{
			"from": [-0.1, 12, -1],
			"to": [15.9, 12.01, 15],
			"rotation": {"angle": -22.5, "axis": "x", "origin": [8, 8, 8]},
			"faces": {
				"up": {"uv": [0, 0, 16, 16], "rotation": 180, "texture": "#1"},
				"down": {"uv": [0, 0, 16, 16], "texture": "#1"}
			}
		},
		{
			"from": [1, 12, 0.1],
			"to": [17, 12.01, 16.1],
			"rotation": {"angle": -22.5, "axis": "z", "origin": [8, 8, 8]},
			"faces": {
				"up": {"uv": [0, 0, 16, 16], "rotation": 270, "texture": "#1"},
				"down": {"uv": [0, 0, 16, 16], "rotation": 270, "texture": "#1"}
			}
		},
		{
			"from": [1, 22, 0.1],
			"to": [17, 22.01, 16.1],
			"rotation": {"angle": -22.5, "axis": "z", "origin": [8, 18, 8]},
			"faces": {
				"up": {"uv": [0, 0, 16, 16], "rotation": 270, "texture": "#1"},
				"down": {"uv": [0, 0, 16, 16], "rotation": 270, "texture": "#1"}
			}
		},
		{
			"from": [-0.1, 22, -1],
			"to": [15.9, 22.01, 15],
			"rotation": {"angle": -22.5, "axis": "x", "origin": [8, 18, 8]},
			"faces": {
				"up": {"uv": [0, 0, 16, 16], "rotation": 180, "texture": "#1"},
				"down": {"uv": [0, 0, 16, 16], "texture": "#1"}
			}
		},
		{
			"from": [-0.1, 22, 1],
			"to": [15.9, 22.01, 17],
			"rotation": {"angle": 22.5, "axis": "x", "origin": [8, 18, 8]},
			"faces": {
				"up": {"uv": [0, 0, 16, 16], "texture": "#1"},
				"down": {"uv": [0, 0, 16, 16], "rotation": 180, "texture": "#1"}
			}
		},
		{
			"from": [-1, 22, 0.1],
			"to": [15, 22.01, 16.1],
			"rotation": {"angle": 22.5, "axis": "z", "origin": [8, 18, 8]},
			"faces": {
				"up": {"uv": [0, 0, 16, 16], "rotation": 90, "texture": "#1"},
				"down": {"uv": [0, 0, 16, 16], "rotation": 90, "texture": "#1"}
			}
		}
	],
	"groups": [0,
		{
			"name": "plant",
			"children": [1, 2, 3, 4, 5, 6, 7, 8, 9, 10]
		}
	]
}