{
	"credit": "Made with Blockbench",
	"parent": "./cit_item_wallsapling",
	"textures": {
		"0": "./acacia_sapling_0",
		"1_0": "./flower_pot_l_0f"
	},
	"elements": [
		{
			"name": "flower_pot",
			"from": [4, 5, 6],
			"to": [12, 10, 14],
			"rotation": {"angle": -22.5, "axis": "x", "origin": [7, 13, 11]},
			"faces": {
				"north": {"uv": [4, 9, 12, 14], "texture": "#1_0"},
				"east": {"uv": [4, 9, 12, 14], "texture": "#1_0"},
				"south": {"uv": [4, 9, 12, 14], "texture": "#1_0"},
				"west": {"uv": [4, 9, 12, 14], "texture": "#1_0"},
				"up": {"uv": [0, 0, 8, 8], "texture": "#1_0"},
				"down": {"uv": [8, 0, 16, 8], "texture": "#1_0"}
			}
		},
		{
			"from": [0, 9, 4],
			"to": [16, 9.01, 20],
			"rotation": {"angle": 45, "axis": "y", "origin": [8, 10, 12]},
			"faces": {
				"up": {"uv": [0, 8, 8, 16], "rotation": 180, "texture": "#0"},
				"down": {"uv": [0, 8, 8, 16], "rotation": 180, "texture": "#0"}
			}
		},
		{
			"from": [3.5, 13, 7.5],
			"to": [12.5, 13.01, 16.5],
			"rotation": {"angle": 45, "axis": "y", "origin": [8, 18, 12]},
			"faces": {
				"up": {"uv": [1, 8.5, 5.5, 13], "rotation": 180, "texture": "#0"},
				"down": {"uv": [1, 8.5, 5.5, 13], "rotation": 180, "texture": "#0"}
			}
		},
		{
			"from": [0, 16, 18],
			"to": [16, 16.01, 26],
			"rotation": {"angle": 45, "axis": "x", "origin": [8, 18, 12]},
			"faces": {
				"up": {"uv": [0, 12, 8, 16], "texture": "#0"},
				"down": {"uv": [0, 16, 8, 12], "texture": "#0"}
			}
		},
		{
			"from": [0, 16, -2],
			"to": [16, 16.01, 6],
			"rotation": {"angle": -45, "axis": "x", "origin": [8, 18, 12]},
			"faces": {
				"up": {"uv": [0, 12, 8, 16], "rotation": 180, "texture": "#0"},
				"down": {"uv": [0, 16, 8, 12], "rotation": 180, "texture": "#0"}
			}
		},
		{
			"from": [14, 16, 4],
			"to": [22, 16.01, 20],
			"rotation": {"angle": -45, "axis": "z", "origin": [8, 18, 12]},
			"faces": {
				"up": {"uv": [0, 12, 8, 16], "rotation": 270, "texture": "#0"},
				"down": {"uv": [0, 16, 8, 12], "rotation": 90, "texture": "#0"}
			}
		},
		{
			"from": [-6, 16, 4],
			"to": [2, 16.01, 20],
			"rotation": {"angle": 45, "axis": "z", "origin": [8, 18, 12]},
			"faces": {
				"up": {"uv": [0, 12, 8, 16], "rotation": 90, "texture": "#0"},
				"down": {"uv": [0, 16, 8, 12], "rotation": 270, "texture": "#0"}
			}
		},
		{
			"from": [0, 15, 14],
			"to": [16, 15.01, 22],
			"rotation": {"angle": 22.5, "axis": "x", "origin": [8, 17, 12]},
			"faces": {
				"up": {"uv": [8, 12, 16, 16], "texture": "#0"},
				"down": {"uv": [8, 16, 16, 12], "texture": "#0"}
			}
		},
		{
			"from": [-2, 15, 4],
			"to": [6, 15.01, 20],
			"rotation": {"angle": 22.5, "axis": "z", "origin": [8, 17, 12]},
			"faces": {
				"up": {"uv": [8, 12, 16, 16], "rotation": 90, "texture": "#0"},
				"down": {"uv": [16, 12, 8, 16], "rotation": 90, "texture": "#0"}
			}
		},
		{
			"from": [0, 15, 2],
			"to": [16, 15.01, 10],
			"rotation": {"angle": -22.5, "axis": "x", "origin": [8, 17, 12]},
			"faces": {
				"up": {"uv": [8, 12, 16, 16], "rotation": 180, "texture": "#0"},
				"down": {"uv": [8, 16, 16, 12], "rotation": 180, "texture": "#0"}
			}
		},
		{
			"from": [10, 15, 4],
			"to": [18, 15.01, 20],
			"rotation": {"angle": -22.5, "axis": "z", "origin": [8, 17, 12]},
			"faces": {
				"up": {"uv": [8, 12, 16, 16], "rotation": 270, "texture": "#0"},
				"down": {"uv": [16, 12, 8, 16], "rotation": 270, "texture": "#0"}
			}
		},
		{
			"from": [1, -12, 4.74],
			"to": [11, 8, 4.75],
			"faces": {
				"north": {"uv": [16, 0, 11, 10], "texture": "#0"},
				"south": {"uv": [11, 0, 16, 10], "texture": "#0"}
			}
		},
		{
			"from": [1, -2, 9.74],
			"to": [11, 6, 9.75],
			"rotation": {"angle": 22.5, "axis": "x", "origin": [9, 17, 13]},
			"faces": {
				"north": {"uv": [16, 3, 11, 7], "texture": "#0"},
				"south": {"uv": [11, 3, 16, 7], "texture": "#0"}
			}
		}
	],
	"groups": [0,
		{
			"name": "plant",
			"children": [1, 2, 3, 4, 5, 6, 7, 8, 9, 10, 11, 12]
		}
	]
}