{
	"credit": "Made with Blockbench",
	"parent": "./cit_item",
	"textures": {
		"0": "./acacia_sapling_0"
	},
	"elements": [
		{
			"name": "flower_pot",
			"from": [4, 0, 4],
			"to": [14, 4, 14],
			"faces": {
				"north": {"uv": [0, 5, 5, 7], "texture": "#0"},
				"east": {"uv": [0, 5, 5, 7], "texture": "#0"},
				"south": {"uv": [0, 5, 5, 7], "texture": "#0"},
				"west": {"uv": [0, 5, 5, 7], "texture": "#0"},
				"up": {"uv": [5, 0, 10, 5], "texture": "#0"},
				"down": {"uv": [0, 0, 5, 5], "texture": "#0"}
			}
		},
		{
			"from": [1, 6, 1],
			"to": [17, 6.01, 17],
			"rotation": {"angle": 45, "axis": "y", "origin": [9, 6, 9]},
			"faces": {
				"up": {"uv": [0, 8, 8, 16], "texture": "#0"},
				"down": {"uv": [0, 8, 8, 16], "texture": "#0"}
			}
		},
		{
			"from": [4.5, 9, 4.5],
			"to": [13.5, 9.01, 13.5],
			"rotation": {"angle": 45, "axis": "y", "origin": [9, 14, 9]},
			"faces": {
				"up": {"uv": [1, 8.5, 5.5, 13], "texture": "#0"},
				"down": {"uv": [1, 8.5, 5.5, 13], "texture": "#0"}
			}
		},
		{
			"from": [1, 12, -5],
			"to": [17, 12.01, 3],
			"rotation": {"angle": -45, "axis": "x", "origin": [9, 14, 9]},
			"faces": {
				"up": {"uv": [0, 12, 8, 16], "rotation": 180, "texture": "#0"},
				"down": {"uv": [0, 16, 8, 12], "rotation": 180, "texture": "#0"}
			}
		},
		{
			"from": [1, 12, 15],
			"to": [17, 12.01, 23],
			"rotation": {"angle": 45, "axis": "x", "origin": [9, 14, 9]},
			"faces": {
				"up": {"uv": [0, 12, 8, 16], "texture": "#0"},
				"down": {"uv": [0, 16, 8, 12], "texture": "#0"}
			}
		},
		{
			"from": [-5, 12, 1],
			"to": [3, 12.01, 17],
			"rotation": {"angle": 45, "axis": "z", "origin": [9, 14, 9]},
			"faces": {
				"up": {"uv": [0, 12, 8, 16], "rotation": 90, "texture": "#0"},
				"down": {"uv": [0, 16, 8, 12], "rotation": 270, "texture": "#0"}
			}
		},
		{
			"from": [15, 12, 1],
			"to": [23, 12.01, 17],
			"rotation": {"angle": -45, "axis": "z", "origin": [9, 14, 9]},
			"faces": {
				"up": {"uv": [0, 12, 8, 16], "rotation": 270, "texture": "#0"},
				"down": {"uv": [0, 16, 8, 12], "rotation": 90, "texture": "#0"}
			}
		},
		{
			"from": [1, 11, -1],
			"to": [17, 11.01, 7],
			"rotation": {"angle": -22.5, "axis": "x", "origin": [9, 13, 9]},
			"faces": {
				"up": {"uv": [8, 12, 16, 16], "rotation": 180, "texture": "#0"},
				"down": {"uv": [8, 16, 16, 12], "rotation": 180, "texture": "#0"}
			}
		},
		{
			"from": [11, 11, 1],
			"to": [19, 11.01, 17],
			"rotation": {"angle": -22.5, "axis": "z", "origin": [9, 13, 9]},
			"faces": {
				"up": {"uv": [8, 12, 16, 16], "rotation": 270, "texture": "#0"},
				"down": {"uv": [16, 12, 8, 16], "rotation": 270, "texture": "#0"}
			}
		},
		{
			"from": [1, 11, 11],
			"to": [17, 11.01, 19],
			"rotation": {"angle": 22.5, "axis": "x", "origin": [9, 13, 9]},
			"faces": {
				"up": {"uv": [8, 12, 16, 16], "texture": "#0"},
				"down": {"uv": [8, 16, 16, 12], "texture": "#0"}
			}
		},
		{
			"from": [-1, 11, 1],
			"to": [7, 11.01, 17],
			"rotation": {"angle": 22.5, "axis": "z", "origin": [9, 13, 9]},
			"faces": {
				"up": {"uv": [8, 12, 16, 16], "rotation": 90, "texture": "#0"},
				"down": {"uv": [16, 12, 8, 16], "rotation": 90, "texture": "#0"}
			}
		},
		{
			"from": [6, -16, 16.25],
			"to": [16, 4, 16.26],
			"faces": {
				"north": {"uv": [11, 0, 16, 10], "texture": "#0"},
				"south": {"uv": [16, 0, 11, 10], "texture": "#0"}
			}
		},
		{
			"from": [6, -6, 11.25],
			"to": [16, 2, 11.26],
			"rotation": {"angle": -22.5, "axis": "x", "origin": [8, 13, 8]},
			"faces": {
				"north": {"uv": [11, 3, 16, 7], "texture": "#0"},
				"south": {"uv": [16, 3, 11, 7], "texture": "#0"}
			}
		}
	],
	"display": {
		"gui": {
			"rotation": [30, -45, 0],
			"translation": [0, 5.25, 0],
			"scale": [0.6, 0.6, 0.6]
		}
	},
	"groups": [0,
		{
			"name": "plant",
			"children": [1, 2, 3, 4, 5, 6, 7, 8, 9, 10, 11, 12]
		}
	]
}