{
	"credit": "Made with Blockbench",
	"parent": "./cit_item",
	"textures": {
		"0": "./apple_0"
	},
	"elements": [
		{
			"from": [5, 1, 5],
			"to": [10, 7, 10],
			"faces": {
				"north": {"uv": [1, 13, 6, 7], "texture": "#0"},
				"east": {"uv": [1, 13, 6, 7], "texture": "#0"},
				"south": {"uv": [1, 13, 6, 7], "texture": "#0"},
				"west": {"uv": [1, 13, 6, 7], "texture": "#0"},
				"up": {"uv": [8, 6, 13, 1], "texture": "#0"},
				"down": {"uv": [1, 6, 6, 1], "texture": "#0"}
			}
		},
		{
			"from": [5, 2, 4],
			"to": [10, 6, 11],
			"faces": {
				"north": {"uv": [1, 12, 6, 8], "texture": "#0"},
				"east": {"uv": [0, 12, 7, 8], "texture": "#0"},
				"south": {"uv": [1, 12, 6, 8], "texture": "#0"},
				"west": {"uv": [0, 12, 7, 8], "texture": "#0"},
				"up": {"uv": [8, 7, 13, 0], "texture": "#0"},
				"down": {"uv": [1, 7, 6, 0], "texture": "#0"}
			}
		},
		{
			"from": [4, 2, 5],
			"to": [11, 6, 10],
			"faces": {
				"north": {"uv": [0, 12, 7, 8], "texture": "#0"},
				"east": {"uv": [1, 12, 6, 8], "texture": "#0"},
				"south": {"uv": [0, 12, 7, 8], "texture": "#0"},
				"west": {"uv": [1, 12, 6, 8], "texture": "#0"},
				"up": {"uv": [7, 6, 14, 1], "texture": "#0"},
				"down": {"uv": [0, 6, 7, 1], "texture": "#0"}
			}
		},
		{
			"from": [7, 0, 7],
			"to": [8, 1, 8],
			"faces": {
				"north": {"uv": [15, 2, 16, 1], "texture": "#0"},
				"east": {"uv": [15, 2, 16, 1], "texture": "#0"},
				"south": {"uv": [15, 2, 16, 1], "texture": "#0"},
				"west": {"uv": [15, 2, 16, 1], "texture": "#0"},
				"down": {"uv": [15, 1, 16, 0], "texture": "#0"}
			}
		},
		{
			"from": [8, 0.49, 5],
			"to": [10, 0.5, 7],
			"faces": {
				"up": {"uv": [16, 14, 14, 16], "rotation": 90, "texture": "#0"},
				"down": {"uv": [14, 16, 16, 14], "texture": "#0"}
			}
		}
	]
}