{
	"credit": "Made with Blockbench",
	"parent": "./cit_item",
	"textures": {
		"1": "./basket",
		"1_0": "./apple_0"
	},
	"elements": [
		{
			"from": [2, 0, 2],
			"to": [14, 3, 14],
			"faces": {
				"north": {"uv": [2, 13, 14, 16], "texture": "#1"},
				"east": {"uv": [2, 13, 14, 16], "texture": "#1"},
				"south": {"uv": [2, 13, 14, 16], "texture": "#1"},
				"west": {"uv": [2, 13, 14, 16], "texture": "#1"},
				"up": {"uv": [2, 1, 14, 13], "texture": "#1"},
				"down": {"uv": [2, 1, 14, 13], "texture": "#1"}
			}
		},
		{
			"from": [3, 1, 1],
			"to": [13, 4, 3],
			"faces": {
				"north": {"uv": [3, 13, 13, 16], "texture": "#1"},
				"south": {"uv": [3, 13, 13, 16], "texture": "#1", "rotation": 180},
				"up": {"uv": [3, 0, 13, 2], "texture": "#1"},
				"down": {"uv": [3, 0, 13, 2], "texture": "#1"}
			}
		},
		{
			"from": [3, 1, 13],
			"to": [13, 4, 15],
			"faces": {
				"north": {"uv": [3, 13, 13, 16], "texture": "#1"},
				"south": {"uv": [3, 13, 13, 16], "texture": "#1"},
				"up": {"uv": [3, 12, 13, 14], "texture": "#1"},
				"down": {"uv": [3, 12, 13, 14], "texture": "#1"}
			}
		},
		{
			"from": [1, 1, 1],
			"to": [3, 4, 15],
			"faces": {
				"north": {"uv": [13, 13, 15, 16], "texture": "#1"},
				"east": {"uv": [1, 13, 15, 16], "texture": "#1"},
				"south": {"uv": [1, 13, 3, 16], "texture": "#1"},
				"west": {"uv": [1, 13, 15, 16], "texture": "#1"},
				"up": {"uv": [1, 0, 3, 14], "texture": "#1"},
				"down": {"uv": [1, 0, 3, 14], "texture": "#1"}
			}
		},
		{
			"from": [13, 1, 1],
			"to": [15, 4, 15],
			"faces": {
				"north": {"uv": [1, 13, 3, 16], "texture": "#1"},
				"east": {"uv": [1, 13, 15, 16], "texture": "#1"},
				"south": {"uv": [13, 13, 15, 16], "texture": "#1"},
				"west": {"uv": [1, 13, 15, 16], "texture": "#1"},
				"up": {"uv": [13, 0, 15, 14], "texture": "#1"},
				"down": {"uv": [13, 0, 15, 14], "texture": "#1"}
			}
		},
		{
			"from": [11, 2, 7],
			"to": [14, 8, 12],
			"rotation": {"angle": -45, "axis": "z", "origin": [12.8, 6.401, 9.8]},
			"faces": {
				"north": {"uv": [1, 7, 4, 13], "texture": "#1_0"},
				"east": {"uv": [1, 7, 6, 13], "texture": "#1_0"},
				"south": {"uv": [3, 7, 6, 13], "texture": "#1_0"},
				"west": {"uv": [8, 7, 13, 13], "texture": "#1_0"},
				"up": {"uv": [3, 1, 6, 6], "texture": "#1_0"},
				"down": {"uv": [10, 1, 13, 6], "texture": "#1_0"}
			}
		},
		{
			"from": [11, 3, 6],
			"to": [14, 7, 13],
			"rotation": {"angle": -45, "axis": "z", "origin": [12.8, 6.401, 9.8]},
			"faces": {
				"north": {"uv": [1, 8, 4, 12], "texture": "#1_0"},
				"east": {"uv": [0, 8, 7, 12], "texture": "#1_0"},
				"south": {"uv": [3, 8, 6, 12], "texture": "#1_0"},
				"west": {"uv": [7, 8, 14, 12], "texture": "#1_0"},
				"up": {"uv": [1, 0, 4, 7], "texture": "#1_0"},
				"down": {"uv": [8, 0, 11, 7], "texture": "#1_0"}
			}
		},
		{
			"from": [14, 3, 7],
			"to": [15, 7, 12],
			"rotation": {"angle": -45, "axis": "z", "origin": [12.8, 6.401, 9.8]},
			"faces": {
				"north": {"uv": [0, 8, 1, 12], "texture": "#1_0"},
				"east": {"uv": [1, 8, 6, 12], "texture": "#1_0"},
				"south": {"uv": [6, 8, 7, 12], "texture": "#1_0"},
				"west": {"uv": [1, 8, 6, 12], "texture": "#1_0"},
				"up": {"uv": [6, 1, 7, 6], "texture": "#1_0"},
				"down": {"uv": [13, 1, 14, 6], "texture": "#1_0"}
			}
		},
		{
			"from": [11, 8, 9],
			"to": [12, 9, 10],
			"rotation": {"angle": -45, "axis": "z", "origin": [12.8, 6.401, 9.8]},
			"faces": {
				"north": {"uv": [15, 1, 16, 2], "texture": "#1_0"},
				"east": {"uv": [15, 1, 16, 2], "texture": "#1_0"},
				"south": {"uv": [15, 1, 16, 2], "texture": "#1_0"},
				"west": {"uv": [15, 1, 16, 2], "texture": "#1_0"},
				"up": {"uv": [15, 0, 16, 1], "texture": "#1_0"}
			}
		},
		{
			"from": [12, 8.5, 10],
			"to": [14, 8.51, 12],
			"rotation": {"angle": -45, "axis": "z", "origin": [12.8, 6.401, 9.8]},
			"faces": {
				"up": {"uv": [14, 14, 16, 16], "texture": "#1_0", "rotation": 90},
				"down": {"uv": [14, 14, 16, 16], "texture": "#1_0"}
			}
		},
		{
			"from": [3, 3, 3],
			"to": [8, 9, 8],
			"faces": {
				"north": {"uv": [1, 7, 6, 13], "texture": "#1_0"},
				"east": {"uv": [1, 7, 6, 13], "texture": "#1_0"},
				"south": {"uv": [1, 7, 6, 13], "texture": "#1_0"},
				"west": {"uv": [1, 7, 6, 13], "texture": "#1_0"},
				"up": {"uv": [1, 1, 6, 6], "texture": "#1_0"},
				"down": {"uv": [8, 1, 13, 6], "texture": "#1_0"}
			}
		},
		{
			"from": [3, 4, 2],
			"to": [8, 8, 9],
			"faces": {
				"north": {"uv": [1, 8, 6, 12], "texture": "#1_0"},
				"east": {"uv": [0, 8, 7, 12], "texture": "#1_0"},
				"south": {"uv": [1, 8, 6, 12], "texture": "#1_0"},
				"west": {"uv": [0, 8, 7, 12], "texture": "#1_0"},
				"up": {"uv": [1, 0, 6, 7], "texture": "#1_0"},
				"down": {"uv": [8, 0, 13, 7], "texture": "#1_0"}
			}
		},
		{
			"from": [2, 4, 3],
			"to": [9, 8, 8],
			"faces": {
				"north": {"uv": [0, 8, 7, 12], "texture": "#1_0"},
				"east": {"uv": [1, 8, 6, 12], "texture": "#1_0"},
				"south": {"uv": [0, 8, 7, 12], "texture": "#1_0"},
				"west": {"uv": [1, 8, 6, 12], "texture": "#1_0"},
				"up": {"uv": [0, 1, 7, 6], "texture": "#1_0"},
				"down": {"uv": [7, 1, 14, 6], "texture": "#1_0"}
			}
		},
		{
			"from": [5, 9, 5],
			"to": [6, 10, 6],
			"faces": {
				"north": {"uv": [15, 1, 16, 2], "texture": "#1_0"},
				"east": {"uv": [15, 1, 16, 2], "texture": "#1_0"},
				"south": {"uv": [15, 1, 16, 2], "texture": "#1_0"},
				"west": {"uv": [15, 1, 16, 2], "texture": "#1_0"},
				"up": {"uv": [15, 0, 16, 1], "texture": "#1_0"}
			}
		},
		{
			"from": [6, 9.5, 3],
			"to": [8, 9.51, 5],
			"faces": {
				"up": {"uv": [14, 14, 16, 16], "texture": "#1_0"},
				"down": {"uv": [14, 14, 16, 16], "texture": "#1_0", "rotation": 90}
			}
		}
	],
	"groups": [
		{
			"name": "basket",
			"isOpen": true,
			"shade": true,
			"display": {
				"visibility": true,
				"autouv": true
			},
			"children": [0, 1, 2, 3, 4]
		},
		{
			"name": "apple",
			"isOpen": true,
			"shade": true,
			"display": {
				"visibility": true,
				"autouv": true
			},
			"children": [5, 6, 7, 8, 9]
		},
		{
			"name": "apple_0",
			"isOpen": false,
			"shade": true,
			"display": {
				"visibility": true,
				"autouv": true
			},
			"children": [10, 11, 12, 13, 14]
		}
	]
}