{
	"credit": "Made with Blockbench",
	"parent": "./cit_item_wall",
	"textures": {
		"0": "./apple_0"
	},
	"elements": [
		{
			"from": [5.5, 5, 1],
			"to": [10.5, 11, 6],
			"faces": {
				"north": {"uv": [1, 7, 6, 13], "texture": "#0"},
				"east": {"uv": [1, 7, 6, 13], "texture": "#0"},
				"south": {"uv": [1, 7, 6, 13], "texture": "#0"},
				"west": {"uv": [1, 7, 6, 13], "texture": "#0"},
				"up": {"uv": [1, 1, 6, 6], "texture": "#0"},
				"down": {"uv": [8, 1, 13, 6], "texture": "#0"}
			}
		},
		{
			"from": [5.5, 6, 0],
			"to": [10.5, 10, 7],
			"faces": {
				"north": {"uv": [1, 8, 6, 12], "texture": "#0"},
				"east": {"uv": [0, 8, 7, 12], "texture": "#0"},
				"south": {"uv": [1, 8, 6, 12], "texture": "#0"},
				"west": {"uv": [0, 8, 7, 12], "texture": "#0"},
				"up": {"uv": [1, 0, 6, 7], "texture": "#0"},
				"down": {"uv": [8, 0, 13, 7], "texture": "#0"}
			}
		},
		{
			"from": [4.5, 6, 1],
			"to": [11.5, 10, 6],
			"faces": {
				"north": {"uv": [0, 8, 7, 12], "texture": "#0"},
				"east": {"uv": [1, 8, 6, 12], "texture": "#0"},
				"south": {"uv": [0, 8, 7, 12], "texture": "#0"},
				"west": {"uv": [1, 8, 6, 12], "texture": "#0"},
				"up": {"uv": [0, 1, 7, 6], "texture": "#0"},
				"down": {"uv": [7, 1, 14, 6], "texture": "#0"}
			}
		},
		{
			"from": [7.5, 11, 3],
			"to": [8.5, 12, 4],
			"faces": {
				"north": {"uv": [15, 1, 16, 2], "texture": "#0"},
				"east": {"uv": [15, 1, 16, 2], "texture": "#0"},
				"south": {"uv": [15, 1, 16, 2], "texture": "#0"},
				"west": {"uv": [15, 1, 16, 2], "texture": "#0"},
				"up": {"uv": [15, 0, 16, 1], "texture": "#0"}
			}
		},
		{
			"from": [8.5, 11.5, 1],
			"to": [10.5, 11.51, 3],
			"faces": {
				"up": {"uv": [14, 14, 16, 16], "texture": "#0"},
				"down": {"uv": [14, 14, 16, 16], "rotation": 90, "texture": "#0"}
			}
		}
	]
}