{
	"credit": "Made with Blockbench",
	"textures": {
		"0": "block/MizunoArchive/gold_block_0",
		"2": "block/MizunoArchive/iron_ingot_0",
		"3": "block/MizunoArchive/pink_tulip",
		"particle": "block/MizunoArchive/gold_block_0"
	},
	"elements": [
		{
			"from": [7.477, 0.4239, 7.29134],
			"to": [8.42049, 0.58114, 7.44859],
			"rotation": {"angle": -45, "axis": "z", "origin": [7.94875, 1.05289, 7.44859]},
			"faces": {
				"north": {"uv": [13, 2, 14, 1], "rotation": 270, "texture": "#0"},
				"east": {"uv": [13, 2, 14, 1], "rotation": 270, "texture": "#0"},
				"south": {"uv": [13, 2, 14, 1], "rotation": 270, "texture": "#0"},
				"west": {"uv": [13, 2, 14, 1], "rotation": 270, "texture": "#0"},
				"up": {"uv": [13, 2, 14, 1], "rotation": 270, "texture": "#0"},
				"down": {"uv": [13, 2, 14, 1], "rotation": 270, "texture": "#0"}
			}
		},
		{
			"from": [8.42049, 0.58114, 7.29134],
			"to": [8.57774, 1.52463, 7.44859],
			"rotation": {"angle": -45, "axis": "z", "origin": [7.94875, 1.05289, 7.44859]},
			"faces": {
				"north": {"uv": [14, 1, 13, 2], "texture": "#0"},
				"east": {"uv": [14, 1, 13, 2], "texture": "#0"},
				"south": {"uv": [14, 1, 13, 2], "texture": "#0"},
				"west": {"uv": [14, 1, 13, 2], "texture": "#0"},
				"up": {"uv": [14, 1, 13, 2], "texture": "#0"},
				"down": {"uv": [14, 1, 13, 2], "texture": "#0"}
			}
		},
		{
			"from": [7.59494, 0.69908, 7.13409],
			"to": [8.30256, 1.4067, 7.36996],
			"rotation": {"angle": 45, "axis": "z", "origin": [7.94875, 1.05289, 7.44859]},
			"faces": {
				"north": {"uv": [8.9, 3, 6, 5.9], "texture": "#3"},
				"east": {"uv": [8.9, 3, 6, 5.9], "texture": "#3"},
				"south": {"uv": [8.9, 3, 6, 5.9], "texture": "#3"},
				"west": {"uv": [8.9, 3, 6, 5.9], "texture": "#3"},
				"up": {"uv": [8.9, 3, 6, 5.9], "texture": "#3"},
				"down": {"uv": [8.9, 3, 6, 5.9], "texture": "#3"}
			}
		},
		{
			"from": [7.31976, 0.58114, 7.29134],
			"to": [7.477, 1.52463, 7.44859],
			"rotation": {"angle": -45, "axis": "z", "origin": [7.94875, 1.05289, 7.44859]},
			"faces": {
				"north": {"uv": [14, 1, 13, 2], "rotation": 180, "texture": "#0"},
				"east": {"uv": [14, 1, 13, 2], "rotation": 180, "texture": "#0"},
				"south": {"uv": [14, 1, 13, 2], "rotation": 180, "texture": "#0"},
				"west": {"uv": [14, 1, 13, 2], "rotation": 180, "texture": "#0"},
				"up": {"uv": [14, 1, 13, 2], "rotation": 180, "texture": "#0"},
				"down": {"uv": [14, 1, 13, 2], "rotation": 180, "texture": "#0"}
			}
		},
		{
			"from": [7.77184, 0.14871, 7.29134],
			"to": [8.12565, 1.95706, 7.44859],
			"rotation": {"angle": 0, "axis": "y", "origin": [7.94875, 5.45583, 11.37979]},
			"faces": {
				"north": {"uv": [13, 2, 14, 1], "rotation": 270, "texture": "#0"},
				"east": {"uv": [13, 2, 14, 1], "rotation": 270, "texture": "#0"},
				"south": {"uv": [13, 2, 14, 1], "rotation": 270, "texture": "#0"},
				"west": {"uv": [13, 2, 14, 1], "rotation": 270, "texture": "#0"},
				"up": {"uv": [13, 2, 14, 1], "rotation": 270, "texture": "#0"},
				"down": {"uv": [13, 2, 14, 1], "rotation": 270, "texture": "#0"}
			}
		},
		{
			"from": [7.477, 1.52463, 7.29134],
			"to": [8.42049, 1.68188, 7.44859],
			"rotation": {"angle": -45, "axis": "z", "origin": [7.94875, 1.05289, 7.44859]},
			"faces": {
				"north": {"uv": [13, 2, 14, 1], "rotation": 270, "texture": "#0"},
				"east": {"uv": [13, 2, 14, 1], "rotation": 270, "texture": "#0"},
				"south": {"uv": [13, 2, 14, 1], "rotation": 270, "texture": "#0"},
				"west": {"uv": [13, 2, 14, 1], "rotation": 270, "texture": "#0"},
				"up": {"uv": [13, 2, 14, 1], "rotation": 270, "texture": "#0"},
				"down": {"uv": [13, 2, 14, 1], "rotation": 270, "texture": "#0"}
			}
		},
		{
			"from": [7.477, 0.58114, 7.21271],
			"to": [8.42049, 1.52463, 7.44859],
			"rotation": {"angle": -45, "axis": "z", "origin": [7.94875, 1.05289, 7.44859]},
			"faces": {
				"north": {"uv": [8.9, 3, 6, 5.9], "rotation": 270, "texture": "#3"},
				"east": {"uv": [8.9, 3, 6, 5.9], "rotation": 270, "texture": "#3"},
				"south": {"uv": [8.9, 3, 6, 5.9], "rotation": 270, "texture": "#3"},
				"west": {"uv": [8.9, 3, 6, 5.9], "rotation": 270, "texture": "#3"},
				"up": {"uv": [8.9, 3, 6, 5.9], "rotation": 270, "texture": "#3"},
				"down": {"uv": [8.9, 3, 6, 5.9], "rotation": 270, "texture": "#3"}
			}
		},
		{
			"from": [7.02492, 0.85633, 7.29134],
			"to": [8.83327, 1.21014, 7.44859],
			"rotation": {"angle": 0, "axis": "y", "origin": [7.94875, 5.45583, 11.37979]},
			"faces": {
				"north": {"uv": [14, 1, 13, 2], "rotation": 180, "texture": "#0"},
				"east": {"uv": [14, 1, 13, 2], "rotation": 180, "texture": "#0"},
				"south": {"uv": [14, 1, 13, 2], "rotation": 180, "texture": "#0"},
				"west": {"uv": [14, 1, 13, 2], "rotation": 180, "texture": "#0"},
				"up": {"uv": [14, 1, 13, 2], "rotation": 180, "texture": "#0"},
				"down": {"uv": [14, 1, 13, 2], "rotation": 180, "texture": "#0"}
			}
		},
		{
			"from": [7.477, 0.4239, 8.07571],
			"to": [8.42049, 0.58114, 8.23295],
			"rotation": {"angle": -45, "axis": "z", "origin": [7.94875, 1.05289, 8.07571]},
			"faces": {
				"north": {"uv": [13, 1, 14, 2], "rotation": 270, "texture": "#0"},
				"east": {"uv": [13, 1, 14, 2], "rotation": 270, "texture": "#0"},
				"south": {"uv": [13, 1, 14, 2], "rotation": 270, "texture": "#0"},
				"west": {"uv": [13, 1, 14, 2], "rotation": 270, "texture": "#0"},
				"up": {"uv": [14, 2, 13, 1], "rotation": 270, "texture": "#0"},
				"down": {"uv": [14, 2, 13, 1], "rotation": 270, "texture": "#0"}
			}
		},
		{
			"from": [8.42049, 0.58114, 8.07571],
			"to": [8.57774, 1.52463, 8.23295],
			"rotation": {"angle": -45, "axis": "z", "origin": [7.94875, 1.05289, 8.07571]},
			"faces": {
				"north": {"uv": [13, 1, 14, 2], "texture": "#0"},
				"east": {"uv": [13, 1, 14, 2], "texture": "#0"},
				"south": {"uv": [13, 1, 14, 2], "texture": "#0"},
				"west": {"uv": [13, 1, 14, 2], "texture": "#0"},
				"up": {"uv": [14, 2, 13, 1], "texture": "#0"},
				"down": {"uv": [14, 2, 13, 1], "texture": "#0"}
			}
		},
		{
			"from": [7.59494, 0.69908, 8.15433],
			"to": [8.30256, 1.4067, 8.3902],
			"rotation": {"angle": 45, "axis": "z", "origin": [7.94875, 1.05289, 8.07571]},
			"faces": {
				"north": {"uv": [6, 3, 9, 6], "texture": "#3"},
				"east": {"uv": [6, 3, 9, 6], "texture": "#3"},
				"south": {"uv": [6, 3, 9, 6], "texture": "#3"},
				"west": {"uv": [6, 3, 9, 6], "texture": "#3"},
				"up": {"uv": [6, 3, 9, 6], "texture": "#3"},
				"down": {"uv": [6, 3, 9, 6], "texture": "#3"}
			}
		},
		{
			"from": [7.31976, 0.58114, 8.07571],
			"to": [7.477, 1.52463, 8.23295],
			"rotation": {"angle": -45, "axis": "z", "origin": [7.94875, 1.05289, 8.07571]},
			"faces": {
				"north": {"uv": [13, 1, 14, 2], "rotation": 180, "texture": "#0"},
				"east": {"uv": [13, 1, 14, 2], "rotation": 180, "texture": "#0"},
				"south": {"uv": [13, 1, 14, 2], "rotation": 180, "texture": "#0"},
				"west": {"uv": [13, 1, 14, 2], "rotation": 180, "texture": "#0"},
				"up": {"uv": [14, 2, 13, 1], "rotation": 180, "texture": "#0"},
				"down": {"uv": [14, 2, 13, 1], "rotation": 180, "texture": "#0"}
			}
		},
		{
			"from": [7.77184, 0.14871, 8.07571],
			"to": [8.12565, 1.95706, 8.23295],
			"rotation": {"angle": 0, "axis": "y", "origin": [7.94875, 5.45583, 4.14451]},
			"faces": {
				"north": {"uv": [13, 1, 14, 2], "rotation": 270, "texture": "#0"},
				"east": {"uv": [13, 1, 14, 2], "rotation": 270, "texture": "#0"},
				"south": {"uv": [13, 1, 14, 2], "rotation": 270, "texture": "#0"},
				"west": {"uv": [13, 1, 14, 2], "rotation": 270, "texture": "#0"},
				"up": {"uv": [14, 2, 13, 1], "rotation": 270, "texture": "#0"},
				"down": {"uv": [14, 2, 13, 1], "rotation": 270, "texture": "#0"}
			}
		},
		{
			"from": [7.477, 1.52463, 8.07571],
			"to": [8.42049, 1.68188, 8.23295],
			"rotation": {"angle": -45, "axis": "z", "origin": [7.94875, 1.05289, 8.07571]},
			"faces": {
				"north": {"uv": [13, 1, 14, 2], "rotation": 270, "texture": "#0"},
				"east": {"uv": [13, 1, 14, 2], "rotation": 270, "texture": "#0"},
				"south": {"uv": [13, 1, 14, 2], "rotation": 270, "texture": "#0"},
				"west": {"uv": [13, 1, 14, 2], "rotation": 270, "texture": "#0"},
				"up": {"uv": [14, 2, 13, 1], "rotation": 270, "texture": "#0"},
				"down": {"uv": [14, 2, 13, 1], "rotation": 270, "texture": "#0"}
			}
		},
		{
			"from": [7.477, 0.58114, 8.07571],
			"to": [8.42049, 1.52463, 8.31158],
			"rotation": {"angle": -45, "axis": "z", "origin": [7.94875, 1.05289, 8.07571]},
			"faces": {
				"north": {"uv": [6, 3, 9, 6], "rotation": 270, "texture": "#3"},
				"east": {"uv": [6, 3, 9, 6], "rotation": 270, "texture": "#3"},
				"south": {"uv": [6, 3, 9, 6], "rotation": 270, "texture": "#3"},
				"west": {"uv": [6, 3, 9, 6], "rotation": 270, "texture": "#3"},
				"up": {"uv": [6, 3, 9, 6], "rotation": 270, "texture": "#3"},
				"down": {"uv": [6, 3, 9, 6], "rotation": 270, "texture": "#3"}
			}
		},
		{
			"from": [7.02492, 0.85633, 8.07571],
			"to": [8.83327, 1.21014, 8.23295],
			"rotation": {"angle": 0, "axis": "y", "origin": [7.94875, 5.45583, 4.14451]},
			"faces": {
				"north": {"uv": [13, 1, 14, 2], "rotation": 180, "texture": "#0"},
				"east": {"uv": [13, 1, 14, 2], "rotation": 180, "texture": "#0"},
				"south": {"uv": [13, 1, 14, 2], "rotation": 180, "texture": "#0"},
				"west": {"uv": [13, 1, 14, 2], "rotation": 180, "texture": "#0"},
				"up": {"uv": [14, 2, 13, 1], "rotation": 180, "texture": "#0"},
				"down": {"uv": [14, 2, 13, 1], "rotation": 180, "texture": "#0"}
			}
		},
		{
			"from": [7.9379, 0.08404, 7.40179],
			"to": [8.82658, 2.02432, 8.07779],
			"rotation": {"angle": 45, "axis": "z", "origin": [8.16007, 0.53101, 7.51879]},
			"faces": {
				"north": {"uv": [11, 9, 12.8, 11.1], "rotation": 180, "texture": "#0"},
				"east": {"uv": [11, 9, 12.8, 11.1], "rotation": 180, "texture": "#0"},
				"south": {"uv": [11, 9, 12.8, 11.1], "rotation": 180, "texture": "#0"},
				"west": {"uv": [11, 9, 12.8, 11.1], "rotation": 180, "texture": "#0"},
				"up": {"uv": [11, 9, 12.8, 11.1], "rotation": 180, "texture": "#0"},
				"down": {"uv": [11, 9, 12.8, 11.1], "rotation": 180, "texture": "#0"}
			}
		},
		{
			"from": [6.9479, 0.68624, 7.40179],
			"to": [8.94742, 1.42681, 8.07779],
			"rotation": {"angle": 0, "axis": "z", "origin": [6.72573, 5.21849, 10.96327]},
			"faces": {
				"north": {"uv": [11, 9, 12.8, 11.1], "rotation": 90, "texture": "#0"},
				"east": {"uv": [11, 9, 12.8, 11.1], "rotation": 90, "texture": "#0"},
				"south": {"uv": [11, 9, 12.8, 11.1], "rotation": 90, "texture": "#0"},
				"west": {"uv": [11, 9, 12.8, 11.1], "rotation": 90, "texture": "#0"},
				"up": {"uv": [11, 9, 12.8, 11.1], "rotation": 90, "texture": "#0"},
				"down": {"uv": [11, 9, 12.8, 11.1], "rotation": 90, "texture": "#0"}
			}
		},
		{
			"from": [7.92706, -0.07601, 7.40179],
			"to": [8.81573, 1.84945, 8.07779],
			"rotation": {"angle": -45, "axis": "z", "origin": [8.3714, 1.47917, 7.51879]},
			"faces": {
				"north": {"uv": [11, 9, 12.8, 11.1], "texture": "#0"},
				"east": {"uv": [11, 9, 12.8, 11.1], "texture": "#0"},
				"south": {"uv": [11, 9, 12.8, 11.1], "texture": "#0"},
				"west": {"uv": [11, 9, 12.8, 11.1], "texture": "#0"},
				"up": {"uv": [11, 9, 12.8, 11.1], "texture": "#0"},
				"down": {"uv": [11, 9, 12.8, 11.1], "texture": "#0"}
			}
		},
		{
			"from": [7.57847, 0.05568, 7.40179],
			"to": [8.31903, 2.0552, 8.07779],
			"rotation": {"angle": 0, "axis": "y", "origin": [7.94875, 5.20259, 7.94935]},
			"faces": {
				"north": {"uv": [11, 9, 12.8, 11.1], "texture": "#0"},
				"east": {"uv": [11, 9, 12.8, 11.1], "texture": "#0"},
				"south": {"uv": [11, 9, 12.8, 11.1], "texture": "#0"},
				"west": {"uv": [11, 9, 12.8, 11.1], "texture": "#0"},
				"up": {"uv": [11, 9, 12.8, 11.1], "texture": "#0"},
				"down": {"uv": [11, 9, 12.8, 11.1], "texture": "#0"}
			}
		},
		{
			"from": [7.42875, 1.80283, 7.41895],
			"to": [8.46875, 8.43283, 8.06895],
			"rotation": {"angle": 0, "axis": "y", "origin": [7.94875, 10.83783, 8.06895]},
			"faces": {
				"north": {"uv": [11, 9, 12.8, 11.1], "texture": "#0"},
				"east": {"uv": [11, 9, 12.8, 11.1], "texture": "#0"},
				"south": {"uv": [11, 9, 12.8, 11.1], "texture": "#0"},
				"west": {"uv": [11, 9, 12.8, 11.1], "texture": "#0"},
				"up": {"uv": [11, 9, 12.8, 11.1], "texture": "#0"},
				"down": {"uv": [11, 9, 12.8, 11.1], "texture": "#0"}
			}
		},
		{
			"from": [7.29875, 2.45283, 7.28895],
			"to": [8.59875, 7.97783, 8.19895],
			"rotation": {"angle": 0, "axis": "y", "origin": [7.94875, 7.32783, 8.06895]},
			"faces": {
				"north": {"uv": [11, 11, 10, 13], "texture": "#0"},
				"east": {"uv": [11, 11, 10, 13], "texture": "#0"},
				"south": {"uv": [11, 11, 10, 13], "texture": "#0"},
				"west": {"uv": [11, 11, 10, 13], "texture": "#0"},
				"up": {"uv": [11, 11, 10, 13], "texture": "#0"},
				"down": {"uv": [11, 11, 10, 13], "texture": "#0"}
			}
		},
		{
			"from": [5.9373, 8.0999, 7.28895],
			"to": [7.11293, 8.77464, 8.19895],
			"rotation": {"angle": 45, "axis": "z", "origin": [6.5873, 6.7999, 8.06895]},
			"faces": {
				"north": {"uv": [11, 9, 13, 12], "rotation": 90, "texture": "#0"},
				"east": {"uv": [11, 9, 13, 12], "rotation": 90, "texture": "#0"},
				"south": {"uv": [11, 9, 13, 12], "rotation": 90, "texture": "#0"},
				"west": {"uv": [11, 9, 13, 12], "rotation": 90, "texture": "#0"},
				"up": {"uv": [11, 9, 13, 12], "rotation": 90, "texture": "#0"},
				"down": {"uv": [11, 9, 13, 12], "rotation": 90, "texture": "#0"}
			}
		},
		{
			"from": [6.26884, 8.29226, 7.28895],
			"to": [7.44447, 8.967, 8.19895],
			"rotation": {"angle": 22.5, "axis": "z", "origin": [6.91884, 6.99226, 8.06895]},
			"faces": {
				"north": {"uv": [11, 9, 13, 12], "rotation": 90, "texture": "#0"},
				"east": {"uv": [11, 9, 13, 12], "rotation": 90, "texture": "#0"},
				"south": {"uv": [11, 9, 13, 12], "rotation": 90, "texture": "#0"},
				"west": {"uv": [11, 9, 13, 12], "rotation": 90, "texture": "#0"},
				"up": {"uv": [11, 9, 13, 12], "rotation": 90, "texture": "#0"},
				"down": {"uv": [11, 9, 13, 12], "rotation": 90, "texture": "#0"}
			}
		},
		{
			"from": [6.64875, 8.36783, 7.28895],
			"to": [9.24875, 9.01783, 8.19895],
			"rotation": {"angle": 0, "axis": "y", "origin": [7.94875, 7.06783, 8.06895]},
			"faces": {
				"north": {"uv": [11, 9, 13, 15], "rotation": 90, "texture": "#0"},
				"east": {"uv": [11, 9, 13, 15], "rotation": 90, "texture": "#0"},
				"south": {"uv": [11, 9, 13, 15], "rotation": 90, "texture": "#0"},
				"west": {"uv": [11, 9, 13, 15], "rotation": 90, "texture": "#0"},
				"up": {"uv": [11, 9, 13, 15], "rotation": 90, "texture": "#0"},
				"down": {"uv": [11, 9, 13, 15], "rotation": 90, "texture": "#0"}
			}
		},
		{
			"from": [8.45303, 8.29226, 7.28895],
			"to": [9.62866, 8.967, 8.19895],
			"rotation": {"angle": -22.5, "axis": "z", "origin": [8.97866, 6.99226, 8.06895]},
			"faces": {
				"north": {"uv": [11, 9, 13, 12], "rotation": 90, "texture": "#0"},
				"east": {"uv": [11, 9, 13, 12], "rotation": 90, "texture": "#0"},
				"south": {"uv": [11, 9, 13, 12], "rotation": 90, "texture": "#0"},
				"west": {"uv": [11, 9, 13, 12], "rotation": 90, "texture": "#0"},
				"up": {"uv": [11, 9, 13, 12], "rotation": 90, "texture": "#0"},
				"down": {"uv": [11, 9, 13, 12], "rotation": 90, "texture": "#0"}
			}
		},
		{
			"from": [8.78458, 8.09992, 7.28895],
			"to": [9.96021, 8.77465, 8.19895],
			"rotation": {"angle": -45, "axis": "z", "origin": [9.31021, 6.79992, 8.06895]},
			"faces": {
				"north": {"uv": [11, 9, 13, 12], "rotation": 90, "texture": "#0"},
				"east": {"uv": [11, 9, 13, 12], "rotation": 90, "texture": "#0"},
				"south": {"uv": [11, 9, 13, 12], "rotation": 90, "texture": "#0"},
				"west": {"uv": [11, 9, 13, 12], "rotation": 90, "texture": "#0"},
				"up": {"uv": [11, 9, 13, 12], "rotation": 90, "texture": "#0"},
				"down": {"uv": [11, 9, 13, 12], "rotation": 90, "texture": "#0"}
			}
		},
		{
			"from": [7.15249, 10.63925, 7.41895],
			"to": [7.80382, 11.99352, 8.06765],
			"rotation": {"angle": 22.5, "axis": "z", "origin": [8.17084, 11.32389, 7.77018]},
			"faces": {
				"north": {"uv": [6.016, 1.016, 7.984, 2.984], "rotation": 90, "texture": "#2"},
				"east": {"uv": [6.016, 1.016, 7.984, 2.984], "rotation": 90, "texture": "#2"},
				"south": {"uv": [6.016, 1.016, 7.984, 2.984], "rotation": 90, "texture": "#2"},
				"west": {"uv": [6.016, 1.016, 7.984, 2.984], "rotation": 90, "texture": "#2"},
				"up": {"uv": [6.016, 1.016, 7.984, 2.984], "rotation": 90, "texture": "#2"},
				"down": {"uv": [6.016, 1.016, 7.984, 2.984], "rotation": 90, "texture": "#2"}
			}
		},
		{
			"from": [6.97375, 11.55283, 7.41895],
			"to": [8.92375, 23.90283, 8.06895],
			"rotation": {"angle": 0, "axis": "y", "origin": [7.94875, 17.33783, 8.06895]},
			"faces": {
				"north": {"uv": [1, 1, 7, 3], "rotation": 90, "texture": "#2"},
				"east": {"uv": [1, 1, 7, 3], "rotation": 90, "texture": "#2"},
				"south": {"uv": [1, 1, 7, 3], "rotation": 90, "texture": "#2"},
				"west": {"uv": [1, 1, 7, 3], "rotation": 90, "texture": "#2"},
				"up": {"uv": [1, 1, 7, 3], "rotation": 90, "texture": "#2"},
				"down": {"uv": [1, 1, 7, 3], "rotation": 90, "texture": "#2"}
			}
		},
		{
			"from": [7.29875, 8.95283, 7.42025],
			"to": [8.59875, 11.55283, 8.07025],
			"rotation": {"angle": 0, "axis": "y", "origin": [7.94875, 14.08783, 8.06895]},
			"faces": {
				"north": {"uv": [6, 1, 10, 3], "rotation": 90, "texture": "#2"},
				"east": {"uv": [6, 1, 10, 3], "rotation": 90, "texture": "#2"},
				"south": {"uv": [6, 1, 10, 3], "rotation": 90, "texture": "#2"},
				"west": {"uv": [6, 1, 10, 3], "rotation": 90, "texture": "#2"},
				"up": {"uv": [6, 1, 10, 3], "rotation": 90, "texture": "#2"},
				"down": {"uv": [6, 1, 10, 3], "rotation": 90, "texture": "#2"}
			}
		},
		{
			"from": [11.799, 24.80762, 7.41802],
			"to": [13.17857, 26.18719, 8.10782],
			"rotation": {"angle": 45, "axis": "z", "origin": [12.14389, 19.22036, 8.10782]},
			"faces": {
				"north": {"uv": [1, 1, 3, 3], "texture": "#2"},
				"east": {"uv": [1, 1, 3, 3], "texture": "#2"},
				"south": {"uv": [1, 1, 3, 3], "texture": "#2"},
				"west": {"uv": [1, 1, 3, 3], "texture": "#2"},
				"up": {"uv": [1, 1, 3, 3], "texture": "#2"},
				"down": {"uv": [1, 1, 3, 3], "texture": "#2"}
			}
		},
		{
			"from": [8.13751, 10.63925, 7.41895],
			"to": [8.77882, 11.82353, 8.06765],
			"rotation": {"angle": -22.5, "axis": "z", "origin": [8.17084, 11.32389, 7.77018]},
			"faces": {
				"north": {"uv": [6.016, 1.016, 7.984, 2.984], "rotation": 90, "texture": "#2"},
				"east": {"uv": [6.016, 1.016, 7.984, 2.984], "rotation": 90, "texture": "#2"},
				"south": {"uv": [6.016, 1.016, 7.984, 2.984], "rotation": 90, "texture": "#2"},
				"west": {"uv": [6.016, 1.016, 7.984, 2.984], "rotation": 90, "texture": "#2"},
				"up": {"uv": [6.016, 1.016, 7.984, 2.984], "rotation": 90, "texture": "#2"},
				"down": {"uv": [6.016, 1.016, 7.984, 2.984], "rotation": 90, "texture": "#2"}
			}
		}
	],
	"display": {
		"thirdperson_righthand": {
			"rotation": [53.75, -90, 55],
			"translation": [0, 1.5, 1.5],
			"scale": [1.2, 1.2, 1.2]
		},
		"thirdperson_lefthand": {
			"rotation": [53.75, -90, 55],
			"translation": [0, 1.5, 1.5],
			"scale": [1.2, 1.2, 1.2]
		},
		"firstperson_righthand": {
			"rotation": [0, -90, 25],
			"translation": [1.13, 1.7, 1.13],
			"scale": [0.68, 0.68, 0.68]
		},
		"firstperson_lefthand": {
			"rotation": [0, -90, 25],
			"translation": [1.13, 1.7, 1.13],
			"scale": [0.68, 0.68, 0.68]
		},
		"ground": {
			"rotation": [69.75, 0, -94.75],
			"translation": [-3.25, -2.75, 0]
		},
		"gui": {
			"rotation": [7, 8, -47],
			"translation": [-2, -2.25, 0],
			"scale": [0.8, 0.8, 0.8]
		},
		"head": {
			"rotation": [11, 0, 106],
			"translation": [11.75, 4.5, 2.5],
			"scale": [1.85, 1.85, 1.85]
		},
		"fixed": {
			"rotation": [74.5, 0, 0],
			"translation": [0, -11, -31.5],
			"scale": [2, 2, 2]
		}
	},
	"groups": [
		{
			"name": "Pommel",
			"origin": [8, 7.07, 7.908],
			"children": [
				{
					"name": "Gem",
					"origin": [8, 8, 8],
					"children": [0, 1, 2, 3, 4, 5, 6, 7]
				},
				{
					"name": "Gem",
					"origin": [8, 8, 8],
					"children": [8, 9, 10, 11, 12, 13, 14, 15]
				}, 16, 17, 18, 19]
		},
		{
			"name": "Handle",
			"origin": [9.04728, 7.59391, 8],
			"children": [20, 21, 22, 23, 24, 25, 26]
		},
		{
			"name": "Blade",
			"origin": [8.17084, 11.07389, 7.77018],
			"children": [27, 28, 29, 30, 31]
		}
	]
}