{
	"credit": "Made with Blockbench",
	"parent": "./cit_item",
	"textures": {
		"0": "./barrel_0"
	},
	"elements": [
		{
			"from": [0, 0, 10],
			"to": [3, 4, 12],
			"faces": {
				"north": {"uv": [13, 5, 14.5, 7], "texture": "#0"},
				"east": {"uv": [12, 5, 13, 7], "texture": "#0"},
				"south": {"uv": [10.5, 5, 12, 7], "texture": "#0"},
				"west": {"uv": [9.5, 5, 10.5, 7], "texture": "#0"},
				"up": {"uv": [10.5, 4, 12, 5], "texture": "#0"},
				"down": {"uv": [12, 4, 13.5, 5], "texture": "#0"}
			}
		},
		{
			"from": [13, 0, 10],
			"to": [16, 4, 12],
			"faces": {
				"north": {"uv": [13, 5, 14.5, 7], "texture": "#0"},
				"east": {"uv": [12, 5, 13, 7], "texture": "#0"},
				"south": {"uv": [10.5, 5, 12, 7], "texture": "#0"},
				"west": {"uv": [9.5, 5, 10.5, 7], "texture": "#0"},
				"up": {"uv": [10.5, 4, 12, 5], "texture": "#0"},
				"down": {"uv": [12, 4, 13.5, 5], "texture": "#0"}
			}
		},
		{
			"from": [0, 0, 3],
			"to": [3, 4, 5],
			"faces": {
				"north": {"uv": [13, 5, 14.5, 7], "texture": "#0"},
				"east": {"uv": [12, 5, 13, 7], "texture": "#0"},
				"south": {"uv": [10.5, 5, 12, 7], "texture": "#0"},
				"west": {"uv": [9.5, 5, 10.5, 7], "texture": "#0"},
				"up": {"uv": [10.5, 4, 12, 5], "texture": "#0"},
				"down": {"uv": [12, 4, 13.5, 5], "texture": "#0"}
			}
		},
		{
			"from": [13, 0, 3],
			"to": [16, 4, 5],
			"faces": {
				"north": {"uv": [13, 5, 14.5, 7], "texture": "#0"},
				"east": {"uv": [12, 5, 13, 7], "texture": "#0"},
				"south": {"uv": [10.5, 5, 12, 7], "texture": "#0"},
				"west": {"uv": [9.5, 5, 10.5, 7], "texture": "#0"},
				"up": {"uv": [10.5, 4, 12, 5], "texture": "#0"},
				"down": {"uv": [12, 4, 13.5, 5], "texture": "#0"}
			}
		},
		{
			"from": [3, 3.5, 1],
			"to": [13, 13.5, 15],
			"faces": {
				"north": {"uv": [1.5, 9.5, 6.5, 14.5], "texture": "#0"},
				"south": {"uv": [1.5, 9.5, 6.5, 14.5], "texture": "#0"}
			}
		},
		{
			"from": [1, 1.5, -1],
			"to": [3, 15.5, 16],
			"faces": {
				"north": {"uv": [6.5, 0, 7.5, 7], "texture": "#0"},
				"east": {"uv": [0.5, 8, 7.5, 16], "rotation": 90, "texture": "#0"},
				"south": {"uv": [0, 0.5, 1, 7.5], "texture": "#0"},
				"west": {"uv": [8.5, 7.5, 15.5, 16], "rotation": 90, "texture": "#0"},
				"up": {"uv": [14.5, 7.5, 15.5, 16], "rotation": 180, "texture": "#0"},
				"down": {"uv": [8.5, 7.5, 9.5, 16], "texture": "#0"}
			}
		},
		{
			"from": [13, 1.5, -1],
			"to": [15, 15.5, 16],
			"faces": {
				"north": {"uv": [0, 0.5, 1, 7.5], "texture": "#0"},
				"east": {"uv": [8.5, 7.5, 15.5, 16], "rotation": 270, "texture": "#0"},
				"south": {"uv": [6.5, 0, 7.5, 7], "texture": "#0"},
				"west": {"uv": [0.5, 8, 7.5, 16], "rotation": 90, "texture": "#0"},
				"up": {"uv": [8.5, 7.5, 9.5, 16], "rotation": 180, "texture": "#0"},
				"down": {"uv": [14.5, 7.5, 15.5, 16], "texture": "#0"}
			}
		},
		{
			"from": [3, 1.5, -1],
			"to": [13, 3.5, 16],
			"faces": {
				"north": {"uv": [1.5, 6.5, 6.5, 7.5], "texture": "#0"},
				"south": {"uv": [1.5, 6.5, 6.5, 7.5], "texture": "#0"},
				"up": {"uv": [1.5, 8, 6.5, 16], "texture": "#0"},
				"down": {"uv": [9.5, 7.5, 14.5, 16], "texture": "#0"}
			}
		},
		{
			"from": [3, 13.5, -1],
			"to": [13, 15.5, 16],
			"faces": {
				"north": {"uv": [1, 0, 6, 1], "texture": "#0"},
				"south": {"uv": [1, 0, 6, 1], "texture": "#0"},
				"up": {"uv": [9.5, 7.5, 14.5, 16], "rotation": 180, "texture": "#0"},
				"down": {"uv": [1.5, 8, 6.5, 16], "texture": "#0"}
			}
		},
		{
			"from": [0.5, 1, 11],
			"to": [15.5, 16, 13],
			"faces": {
				"north": {"uv": [8, 0, 16, 8], "texture": "#0"},
				"east": {"uv": [8, 9, 15.5, 10], "rotation": 270, "texture": "#0"},
				"south": {"uv": [8, 0, 16, 8], "texture": "#0"},
				"west": {"uv": [8, 9, 15.5, 10], "rotation": 90, "texture": "#0"},
				"up": {"uv": [8, 9, 15.5, 10], "rotation": 180, "texture": "#0"},
				"down": {"uv": [8, 9, 15.5, 10], "texture": "#0"}
			}
		},
		{
			"from": [0.5, 1, 2],
			"to": [15.5, 16, 4],
			"faces": {
				"north": {"uv": [8, 0, 16, 8], "texture": "#0"},
				"east": {"uv": [8, 13.5, 15.5, 14.5], "rotation": 270, "texture": "#0"},
				"south": {"uv": [8, 0, 16, 8], "texture": "#0"},
				"west": {"uv": [8, 13.5, 15.5, 14.5], "rotation": 90, "texture": "#0"},
				"up": {"uv": [8, 13.5, 15.5, 14.5], "rotation": 180, "texture": "#0"},
				"down": {"uv": [8, 13.5, 15.5, 14.5], "texture": "#0"}
			}
		},
		{
			"from": [7, 3.5, 15],
			"to": [9, 5.5, 18],
			"faces": {
				"east": {"uv": [9.5, 3, 11, 4], "texture": "#0"},
				"south": {"uv": [11, 3, 12, 4], "texture": "#0"},
				"west": {"uv": [9.5, 3, 11, 4], "texture": "#0"},
				"up": {"uv": [11, 1.5, 12, 3], "texture": "#0"},
				"down": {"uv": [12, 1.5, 13, 3], "texture": "#0"}
			}
		},
		{
			"from": [7.5, 2.5, 16],
			"to": [8.5, 6.5, 17],
			"faces": {
				"north": {"uv": [13, 2, 13.5, 4], "texture": "#0"},
				"east": {"uv": [13, 2, 13.5, 4], "texture": "#0"},
				"south": {"uv": [13, 2, 13.5, 4], "texture": "#0"},
				"west": {"uv": [13, 2, 13.5, 4], "texture": "#0"},
				"up": {"uv": [13, 1.5, 13.5, 2], "texture": "#0"},
				"down": {"uv": [13.5, 1.5, 14, 2], "texture": "#0"}
			}
		}
	]
}