{
	"credit": "Made with Blockbench",
	"parent": "./cit_item",
	"textures": {
		"0": "./barrel_0"
	},
	"elements": [
		{
			"from": [2.5, 1, 2.5],
			"to": [13.5, 16, 13.5],
			"faces": {
				"up": {"uv": [1, 1, 6.5, 6.5], "texture": "#0"},
				"down": {"uv": [1, 1, 6.5, 6.5], "texture": "#0"}
			}
		},
		{
			"from": [0.5, 0, 0.5],
			"to": [15.5, 17, 2.5],
			"faces": {
				"north": {"uv": [8, 7.5, 15.5, 16], "texture": "#0"},
				"east": {"uv": [14.5, 7.5, 15.5, 16], "texture": "#0"},
				"south": {"uv": [0, 7.5, 7.5, 16], "texture": "#0"},
				"west": {"uv": [8, 7.5, 9, 16], "texture": "#0"},
				"up": {"uv": [0, 0, 7.5, 1], "texture": "#0"},
				"down": {"uv": [0, 7, 7.5, 8], "texture": "#0"}
			}
		},
		{
			"from": [0.5, 0, 13.5],
			"to": [15.5, 17, 15.5],
			"faces": {
				"north": {"uv": [0, 7.5, 7.5, 16], "texture": "#0"},
				"east": {"uv": [8, 7.5, 9, 16], "texture": "#0"},
				"south": {"uv": [8, 7.5, 15.5, 16], "texture": "#0"},
				"west": {"uv": [14.5, 7.5, 15.5, 16], "texture": "#0"},
				"up": {"uv": [0, 6.5, 7.5, 7.5], "texture": "#0"},
				"down": {"uv": [0, 0, 7.5, 1], "texture": "#0"}
			}
		},
		{
			"from": [0.5, 0, 2.5],
			"to": [2.5, 17, 13.5],
			"faces": {
				"east": {"uv": [1, 7.5, 6.5, 16], "texture": "#0"},
				"west": {"uv": [9, 7.5, 14.5, 16], "texture": "#0"},
				"up": {"uv": [0, 1, 1, 6.5], "texture": "#0"},
				"down": {"uv": [0, 1, 1, 6.5], "texture": "#0"}
			}
		},
		{
			"from": [13.5, 0, 2.5],
			"to": [15.5, 17, 13.5],
			"faces": {
				"east": {"uv": [9, 7.5, 14.5, 16], "texture": "#0"},
				"west": {"uv": [1, 7.5, 6.5, 16], "texture": "#0"},
				"up": {"uv": [6.5, 1, 7.5, 6.5], "texture": "#0"},
				"down": {"uv": [6.5, 1, 7.5, 6.5], "texture": "#0"}
			}
		},
		{
			"from": [0, 3, 0],
			"to": [16, 5, 16],
			"faces": {
				"north": {"uv": [8, 13.5, 15.5, 14.5], "texture": "#0"},
				"east": {"uv": [8, 13.5, 15.5, 14.5], "texture": "#0"},
				"south": {"uv": [8, 13.5, 15.5, 14.5], "texture": "#0"},
				"west": {"uv": [8, 13.5, 15.5, 14.5], "texture": "#0"},
				"up": {"uv": [8, 0, 16, 8], "texture": "#0"},
				"down": {"uv": [8, 0, 16, 8], "texture": "#0"}
			}
		},
		{
			"from": [0, 12, 0],
			"to": [16, 14, 16],
			"faces": {
				"north": {"uv": [8, 9, 15.5, 10], "texture": "#0"},
				"east": {"uv": [8, 9, 15.5, 10], "texture": "#0"},
				"south": {"uv": [8, 9, 15.5, 10], "texture": "#0"},
				"west": {"uv": [8, 9, 15.5, 10], "texture": "#0"},
				"up": {"uv": [8, 0, 16, 8], "texture": "#0"},
				"down": {"uv": [8, 0, 16, 8], "texture": "#0"}
			}
		}
	]
}