{
	"credit": "Made with Blockbench",
	"parent": "./cit_item",
	"textures": {
		"0": "./seeds_0"
	},
	"elements": [
		{
			"from": [2, 1, 6],
			"to": [5.9, 6, 9.9],
			"faces": {
				"north": {"uv": [8, 5, 11.9, 10], "texture": "#0"},
				"east": {"uv": [8, 5, 11.9, 10], "texture": "#0"},
				"south": {"uv": [8, 5, 11.9, 10], "texture": "#0"},
				"west": {"uv": [8, 5, 11.9, 10], "texture": "#0"},
				"up": {"uv": [8, 5, 11.9, 8.9], "texture": "#0"},
				"down": {"uv": [8, 5, 11.9, 8.9], "texture": "#0", "cullface": "down"}
			}
		},
		{
			"from": [2, 7, 6],
			"to": [6, 9, 10],
			"faces": {
				"north": {"uv": [8, 14, 12, 16], "texture": "#0"},
				"east": {"uv": [8, 14, 12, 16], "texture": "#0"},
				"south": {"uv": [8, 14, 12, 16], "texture": "#0"},
				"west": {"uv": [8, 14, 12, 16], "texture": "#0"},
				"up": {"uv": [12, 12, 16, 16], "texture": "#0"},
				"down": {"uv": [12, 12, 16, 16], "texture": "#0"}
			}
		},
		{
			"from": [10, 1, 6],
			"to": [13.9, 6, 9.9],
			"faces": {
				"north": {"uv": [12, 5, 16, 10], "texture": "#0"},
				"east": {"uv": [12, 5, 16, 10], "texture": "#0"},
				"south": {"uv": [12, 5, 16, 10], "texture": "#0"},
				"west": {"uv": [12, 5, 16, 10], "texture": "#0"},
				"up": {"uv": [12, 5, 16, 8.9], "texture": "#0"},
				"down": {"uv": [12, 5, 16, 8.9], "texture": "#0", "cullface": "down"}
			}
		},
		{
			"from": [10, 7, 6],
			"to": [14, 9, 10],
			"faces": {
				"north": {"uv": [8, 14, 12, 16], "texture": "#0"},
				"east": {"uv": [8, 14, 12, 16], "texture": "#0"},
				"south": {"uv": [8, 14, 12, 16], "texture": "#0"},
				"west": {"uv": [8, 14, 12, 16], "texture": "#0"},
				"up": {"uv": [12, 12, 16, 16], "texture": "#0"},
				"down": {"uv": [12, 12, 16, 16], "texture": "#0"}
			}
		},
		{
			"from": [2, 0, 6],
			"to": [6, 1, 10],
			"faces": {
				"down": {"uv": [1, 9, 5, 13], "texture": "#0", "cullface": "down"}
			}
		},
		{
			"from": [2, 0, 5],
			"to": [6, 8, 6],
			"faces": {
				"north": {"uv": [1, 0, 5, 8], "texture": "#0"},
				"up": {"uv": [1, 8, 5, 9], "texture": "#0"},
				"down": {"uv": [1, 8, 5, 9], "texture": "#0", "cullface": "down"}
			}
		},
		{
			"from": [2, 0, 10],
			"to": [6, 8, 11],
			"faces": {
				"south": {"uv": [1, 0, 5, 8], "texture": "#0"},
				"up": {"uv": [1, 13, 5, 14], "texture": "#0"},
				"down": {"uv": [1, 13, 5, 14], "texture": "#0", "cullface": "down"}
			}
		},
		{
			"from": [1, 0, 5],
			"to": [2, 8, 11],
			"faces": {
				"north": {"uv": [5, 0, 6, 8], "texture": "#0"},
				"south": {"uv": [0, 0, 1, 8], "texture": "#0"},
				"west": {"uv": [0, 0, 6, 8], "texture": "#0"},
				"up": {"uv": [0, 8, 1, 14], "texture": "#0"},
				"down": {"uv": [0, 8, 1, 14], "texture": "#0", "cullface": "down"}
			}
		},
		{
			"from": [6, 0, 5],
			"to": [7, 8, 11],
			"faces": {
				"north": {"uv": [0, 0, 1, 8], "texture": "#0"},
				"east": {"uv": [0, 0, 6, 8], "texture": "#0"},
				"south": {"uv": [5, 0, 6, 8], "texture": "#0"},
				"up": {"uv": [5, 8, 6, 14], "texture": "#0"},
				"down": {"uv": [5, 8, 6, 14], "texture": "#0", "cullface": "down"}
			}
		},
		{
			"from": [10, 0, 6],
			"to": [14, 1, 10],
			"faces": {
				"down": {"uv": [1, 9, 5, 13], "texture": "#0", "cullface": "down"}
			}
		},
		{
			"from": [10, 0, 5],
			"to": [14, 8, 6],
			"faces": {
				"north": {"uv": [1, 0, 5, 8], "texture": "#0"},
				"up": {"uv": [1, 8, 5, 9], "texture": "#0"},
				"down": {"uv": [1, 8, 5, 9], "texture": "#0", "cullface": "down"}
			}
		},
		{
			"from": [10, 0, 10],
			"to": [14, 8, 11],
			"faces": {
				"south": {"uv": [1, 0, 5, 8], "texture": "#0"},
				"up": {"uv": [1, 13, 5, 14], "texture": "#0"},
				"down": {"uv": [1, 13, 5, 14], "texture": "#0", "cullface": "down"}
			}
		},
		{
			"from": [9, 0, 5],
			"to": [10, 8, 11],
			"faces": {
				"north": {"uv": [5, 0, 6, 8], "texture": "#0"},
				"south": {"uv": [0, 0, 1, 8], "texture": "#0"},
				"west": {"uv": [0, 0, 6, 8], "texture": "#0"},
				"up": {"uv": [0, 8, 1, 14], "texture": "#0"},
				"down": {"uv": [0, 8, 1, 14], "texture": "#0", "cullface": "down"}
			}
		},
		{
			"from": [14, 0, 5],
			"to": [15, 8, 11],
			"faces": {
				"north": {"uv": [0, 0, 1, 8], "texture": "#0"},
				"east": {"uv": [0, 0, 6, 8], "texture": "#0"},
				"south": {"uv": [5, 0, 6, 8], "texture": "#0"},
				"up": {"uv": [5, 8, 6, 14], "texture": "#0"},
				"down": {"uv": [5, 8, 6, 14], "texture": "#0", "cullface": "down"}
			}
		}
	],
	"groups": [0, 1, 2, 3,
		{
			"name": "group",
			"isOpen": false,
			"shade": true,
			"display": {
				"visibility": true,
				"autouv": true
			},
			"children": [4, 5, 6, 7, 8]
		},
		{
			"name": "group",
			"isOpen": false,
			"shade": true,
			"display": {
				"visibility": true,
				"autouv": true
			},
			"children": [9, 10, 11, 12, 13]
		}
	]
}