{
	"credit": "Made with Blockbench",
	"parent": "./cit_item",
	"textures": {
		"0": "./birch_sapling_3",
		"1_0": "./flower_pot_l_2"
	},
	"elements": [
		{
			"from": [4, 0, 4],
			"to": [12, 3, 12],
			"faces": {
				"north": {"uv": [4, 13, 12, 16], "texture": "#1_0"},
				"east": {"uv": [4, 13, 12, 16], "texture": "#1_0"},
				"south": {"uv": [4, 13, 12, 16], "texture": "#1_0"},
				"west": {"uv": [4, 13, 12, 16], "texture": "#1_0"},
				"up": {"uv": [0, 0, 8, 8], "texture": "#1_0"},
				"down": {"uv": [8, 0, 16, 8], "texture": "#1_0"}
			}
		},
		{
			"from": [2, 2, 6],
			"to": [4, 2.01, 10],
			"rotation": {"angle": -22.5, "axis": "z", "origin": [4, 2, 8]},
			"faces": {
				"up": {"uv": [0, 14, 4, 16], "rotation": 90, "texture": "#1_0"},
				"down": {"uv": [0, 14, 4, 16], "rotation": 90, "texture": "#1_0"}
			}
		},
		{
			"from": [2, 1.5, 7],
			"to": [3, 2.5, 9],
			"rotation": {"angle": -22.5, "axis": "z", "origin": [4, 2, 8]},
			"faces": {
				"north": {"uv": [1, 15, 2, 16], "texture": "#1_0"},
				"east": {"uv": [1, 15, 3, 16], "texture": "#1_0"},
				"south": {"uv": [2, 15, 3, 16], "texture": "#1_0"},
				"west": {"uv": [1, 15, 3, 16], "texture": "#1_0"},
				"up": {"uv": [1, 15, 3, 16], "texture": "#1_0"},
				"down": {"uv": [1, 15, 3, 16], "texture": "#1_0"}
			}
		},
		{
			"from": [12, 2, 6],
			"to": [14, 2.01, 10],
			"rotation": {"angle": 22.5, "axis": "z", "origin": [12, 2, 8]},
			"faces": {
				"up": {"uv": [0, 16, 4, 14], "rotation": 90, "texture": "#1_0"},
				"down": {"uv": [0, 16, 4, 14], "rotation": 90, "texture": "#1_0"}
			}
		},
		{
			"from": [13, 1.5, 7],
			"to": [14, 2.5, 9],
			"rotation": {"angle": 22.5, "axis": "z", "origin": [12, 2, 8]},
			"faces": {
				"north": {"uv": [1, 15, 2, 16], "texture": "#1_0"},
				"east": {"uv": [1, 15, 3, 16], "texture": "#1_0"},
				"south": {"uv": [2, 15, 3, 16], "texture": "#1_0"},
				"west": {"uv": [1, 15, 3, 16], "texture": "#1_0"},
				"up": {"uv": [1, 15, 3, 16], "texture": "#1_0"},
				"down": {"uv": [1, 15, 3, 16], "texture": "#1_0"}
			}
		},
		{
			"from": [2, 4.5, 2],
			"to": [9, 4.51, 9],
			"rotation": {"angle": 45, "axis": "x", "origin": [5.5, 4.5, 5.5]},
			"faces": {
				"up": {"uv": [9, 0, 16, 7], "texture": "#0"},
				"down": {"uv": [9, 0, 16, 7], "texture": "#0"}
			}
		},
		{
			"from": [2, 4.5, 2],
			"to": [9, 4.51, 9],
			"rotation": {"angle": 45, "axis": "z", "origin": [5.5, 4.5, 5.5]},
			"faces": {
				"up": {"uv": [9, 0, 16, 7], "texture": "#0"},
				"down": {"uv": [9, 0, 16, 7], "texture": "#0"}
			}
		},
		{
			"from": [2, 4.5, 2],
			"to": [9, 4.5, 9],
			"rotation": {"angle": -45, "axis": "x", "origin": [5.5, 4.5, 5.5]},
			"faces": {
				"up": {"uv": [9, 0, 16, 7], "texture": "#0"},
				"down": {"uv": [9, 0, 16, 7], "texture": "#0"}
			}
		},
		{
			"from": [2, 4.5, 2],
			"to": [9, 4.5, 9],
			"rotation": {"angle": -45, "axis": "z", "origin": [5.5, 4.5, 5.5]},
			"faces": {
				"up": {"uv": [9, 0, 16, 7], "texture": "#0"},
				"down": {"uv": [9, 0, 16, 7], "texture": "#0"}
			}
		},
		{
			"from": [4, 4, 8],
			"to": [11, 4.01, 15],
			"rotation": {"angle": 45, "axis": "x", "origin": [7.5, 4, 11.5]},
			"faces": {
				"up": {"uv": [9, 0, 16, 7], "texture": "#0"},
				"down": {"uv": [9, 0, 16, 7], "texture": "#0"}
			}
		},
		{
			"from": [4, 4, 8],
			"to": [11, 4.01, 15],
			"rotation": {"angle": 45, "axis": "z", "origin": [7.5, 4, 11.5]},
			"faces": {
				"up": {"uv": [9, 0, 16, 7], "texture": "#0"},
				"down": {"uv": [9, 0, 16, 7], "texture": "#0"}
			}
		},
		{
			"from": [4, 4, 8],
			"to": [11, 4, 15],
			"rotation": {"angle": -45, "axis": "x", "origin": [7.5, 4, 11.5]},
			"faces": {
				"up": {"uv": [9, 0, 16, 7], "texture": "#0"},
				"down": {"uv": [9, 0, 16, 7], "texture": "#0"}
			}
		},
		{
			"from": [4, 4, 8],
			"to": [11, 4, 15],
			"rotation": {"angle": -45, "axis": "z", "origin": [7.5, 4, 11.5]},
			"faces": {
				"up": {"uv": [9, 0, 16, 7], "texture": "#0"},
				"down": {"uv": [9, 0, 16, 7], "texture": "#0"}
			}
		},
		{
			"from": [7, 5, 3.5],
			"to": [14, 5.01, 10.5],
			"rotation": {"angle": 45, "axis": "x", "origin": [10.5, 5, 7]},
			"faces": {
				"up": {"uv": [9, 0, 16, 7], "texture": "#0"},
				"down": {"uv": [9, 0, 16, 7], "texture": "#0"}
			}
		},
		{
			"from": [7, 5, 3.5],
			"to": [14, 5.01, 10.5],
			"rotation": {"angle": 45, "axis": "z", "origin": [10.5, 5, 7]},
			"faces": {
				"up": {"uv": [9, 0, 16, 7], "texture": "#0"},
				"down": {"uv": [9, 0, 16, 7], "texture": "#0"}
			}
		},
		{
			"from": [7, 5, 3.5],
			"to": [14, 5, 10.5],
			"rotation": {"angle": -45, "axis": "x", "origin": [10.5, 5, 7]},
			"faces": {
				"up": {"uv": [9, 0, 16, 7], "texture": "#0"},
				"down": {"uv": [9, 0, 16, 7], "texture": "#0"}
			}
		},
		{
			"from": [7, 5, 3.5],
			"to": [14, 5, 10.5],
			"rotation": {"angle": -45, "axis": "z", "origin": [10.5, 5, 7]},
			"faces": {
				"up": {"uv": [9, 0, 16, 7], "texture": "#0"},
				"down": {"uv": [9, 0, 16, 7], "texture": "#0"}
			}
		}
	],
	"groups": [
		{
			"name": "flower_pot",
			"children": [0, 1, 2, 3, 4]
		},
		{
			"name": "plant",
			"children": [
				{
					"name": "group",
					"children": [5, 6, 7, 8]
				},
				{
					"name": "group2",
					"children": [9, 10, 11, 12]
				},
				{
					"name": "group3",
					"children": [13, 14, 15, 16]
				}
			]
		}
	]
}