{
	"credit": "Made with Blockbench",
	"parent": "./cit_item_l",
	"textures": {
		"0": "./birch_sapling_5",
		"1_0": "./flower_pot_l_0a"
	},
	"elements": [
		{
			"from": [4, 6, 4],
			"to": [12, 13, 12],
			"faces": {
				"north": {"uv": [4, 9, 12, 16], "texture": "#1_0"},
				"east": {"uv": [4, 9, 12, 16], "texture": "#1_0"},
				"south": {"uv": [4, 9, 12, 16], "texture": "#1_0"},
				"west": {"uv": [4, 9, 12, 16], "texture": "#1_0"},
				"up": {"uv": [0, 0, 8, 8], "texture": "#1_0"},
				"down": {"uv": [8, 0, 16, 8], "texture": "#1_0"}
			}
		},
		{
			"from": [3.5, 5, 7.5],
			"to": [12.5, 6, 8.5],
			"rotation": {"angle": 45, "axis": "y", "origin": [8, 4, 8]},
			"faces": {
				"north": {"uv": [15.5, 0, 16, 4.5], "rotation": 90, "texture": "#0"},
				"south": {"uv": [15.5, 0, 16, 4.5], "rotation": 90, "texture": "#0"},
				"down": {"uv": [15.5, 0, 16, 4.5], "rotation": 90, "texture": "#0"}
			}
		},
		{
			"from": [7.5, 5, 3.5],
			"to": [8.5, 6, 12.5],
			"rotation": {"angle": 45, "axis": "y", "origin": [8, 4, 8]},
			"faces": {
				"east": {"uv": [15.5, 0, 16, 4.5], "rotation": 90, "texture": "#0"},
				"west": {"uv": [15.5, 0, 16, 4.5], "rotation": 90, "texture": "#0"},
				"down": {"uv": [15.5, 0, 16, 4.5], "texture": "#0"}
			}
		},
		{
			"from": [7, 0, 2],
			"to": [9, 8, 4],
			"rotation": {"angle": 45, "axis": "y", "origin": [8, 4, 8]},
			"faces": {
				"north": {"uv": [15, 0, 16, 4.5], "texture": "#0"},
				"east": {"uv": [15, 0, 16, 4.5], "texture": "#0"},
				"south": {"uv": [15, 0, 16, 4.5], "texture": "#0"},
				"west": {"uv": [15, 0, 16, 4.5], "texture": "#0"},
				"up": {"uv": [14, 0, 15, 1], "texture": "#0"},
				"down": {"uv": [14, 1, 15, 2], "texture": "#0"}
			}
		},
		{
			"from": [2, 0, 7],
			"to": [4, 8, 9],
			"rotation": {"angle": 45, "axis": "y", "origin": [8, 4, 8]},
			"faces": {
				"north": {"uv": [15, 0, 16, 4.5], "texture": "#0"},
				"east": {"uv": [15, 0, 16, 4.5], "texture": "#0"},
				"south": {"uv": [15, 0, 16, 4.5], "texture": "#0"},
				"west": {"uv": [15, 0, 16, 4.5], "texture": "#0"},
				"up": {"uv": [14, 0, 15, 1], "texture": "#0"},
				"down": {"uv": [14, 1, 15, 2], "texture": "#0"}
			}
		},
		{
			"from": [12, 0, 7],
			"to": [14, 8, 9],
			"rotation": {"angle": 45, "axis": "y", "origin": [8, 4, 8]},
			"faces": {
				"north": {"uv": [15, 0, 16, 4.5], "texture": "#0"},
				"east": {"uv": [15, 0, 16, 4.5], "texture": "#0"},
				"south": {"uv": [15, 0, 16, 4.5], "texture": "#0"},
				"west": {"uv": [15, 0, 16, 4.5], "texture": "#0"},
				"up": {"uv": [14, 0, 15, 1], "texture": "#0"},
				"down": {"uv": [14, 1, 15, 2], "texture": "#0"}
			}
		},
		{
			"from": [7, 0, 12],
			"to": [9, 8, 14],
			"rotation": {"angle": 45, "axis": "y", "origin": [8, 4, 8]},
			"faces": {
				"north": {"uv": [15, 0, 16, 4.5], "texture": "#0"},
				"east": {"uv": [15, 0, 16, 4.5], "texture": "#0"},
				"south": {"uv": [15, 0, 16, 4.5], "texture": "#0"},
				"west": {"uv": [15, 0, 16, 4.5], "texture": "#0"},
				"up": {"uv": [14, 0, 15, 1], "texture": "#0"},
				"down": {"uv": [14, 1, 15, 2], "texture": "#0"}
			}
		},
		{
			"from": [8, 11, 0.8],
			"to": [8.01, 27, 15.2],
			"rotation": {"angle": 45, "axis": "y", "origin": [8, 13, 8], "rescale": true},
			"faces": {
				"east": {"uv": [0, 0, 8, 8], "texture": "#0"},
				"west": {"uv": [0, 0, 8, 8], "texture": "#0"}
			}
		},
		{
			"from": [0.8, 11, 8],
			"to": [15.2, 27, 8.01],
			"rotation": {"angle": 45, "axis": "y", "origin": [8, 13, 8], "rescale": true},
			"faces": {
				"north": {"uv": [0, 0, 8, 8], "texture": "#0"},
				"south": {"uv": [0, 0, 8, 8], "texture": "#0"}
			}
		},
		{
			"from": [11, 6, 0],
			"to": [11.01, 22, 16],
			"rotation": {"angle": 45, "axis": "z", "origin": [8, 13, 8]},
			"faces": {
				"east": {"uv": [0, 1.5, 8, 9.5], "rotation": 180, "texture": "#0"},
				"west": {"uv": [0, 1.5, 8, 9.5], "rotation": 180, "texture": "#0"}
			}
		},
		{
			"from": [5, 6, 0],
			"to": [5.01, 22, 16],
			"rotation": {"angle": -45, "axis": "z", "origin": [8, 13, 8]},
			"faces": {
				"east": {"uv": [0, 1.5, 8, 9.5], "rotation": 180, "texture": "#0"},
				"west": {"uv": [0, 1.5, 8, 9.5], "rotation": 180, "texture": "#0"}
			}
		},
		{
			"from": [0, 6, 11],
			"to": [16, 22, 11.01],
			"rotation": {"angle": -45, "axis": "x", "origin": [8, 13, 8]},
			"faces": {
				"north": {"uv": [0, 1.5, 8, 9.5], "rotation": 180, "texture": "#0"},
				"south": {"uv": [0, 1.5, 8, 9.5], "rotation": 180, "texture": "#0"}
			}
		},
		{
			"from": [0, 6, 5],
			"to": [16, 22, 5.01],
			"rotation": {"angle": 45, "axis": "x", "origin": [8, 13, 8]},
			"faces": {
				"north": {"uv": [0, 1.5, 8, 9.5], "rotation": 180, "texture": "#0"},
				"south": {"uv": [0, 1.5, 8, 9.5], "rotation": 180, "texture": "#0"}
			}
		},
		{
			"from": [3, 1.25, 3],
			"to": [13, 15.25, 13],
			"faces": {
				"north": {"uv": [1.5, 9, 6.5, 16], "texture": "#0"},
				"east": {"uv": [1.5, 9, 6.5, 16], "texture": "#0"},
				"south": {"uv": [1.5, 9, 6.5, 16], "texture": "#0"},
				"west": {"uv": [1.5, 9, 6.5, 16], "texture": "#0"}
			}
		}
	],
	"groups": [
		{
			"name": "flower_pot",
			"children": [0, 1, 2, 3, 4, 5, 6]
		},
		{
			"name": "plant",
			"children": [7, 8, 9, 10, 11, 12, 13]
		}
	]
}