{
	"credit": "Made with Blockbench",
	"parent": "./cit_item_wallsapling",
	"textures": {
		"0": "./birch_sapling_0",
		"1": "./birch_sapling_0_01",
		"2": "./birch_sapling_1",
		"1_0": "./flower_pot_4"
	},
	"elements": [
		{
			"name": "flower_pot",
			"from": [5, 7, 9],
			"to": [11, 13, 15],
			"rotation": {"angle": -22.5, "axis": "x", "origin": [8, 8, 15]},
			"faces": {
				"north": {"uv": [10.5, 13, 13.5, 16], "texture": "#1_0"},
				"east": {"uv": [10.5, 13, 13.5, 16], "texture": "#1_0"},
				"south": {"uv": [10.5, 13, 13.5, 16], "texture": "#1_0"},
				"west": {"uv": [10.5, 13, 13.5, 16], "texture": "#1_0"},
				"up": {"uv": [8, 8, 11, 11], "texture": "#1_0"},
				"down": {"uv": [13, 8, 16, 11], "texture": "#1_0"}
			}
		},
		{
			"from": [12, 3, 2.6],
			"to": [12.01, 19, 18.6],
			"rotation": {"angle": 22.5, "axis": "z", "origin": [8, 11, 10]},
			"faces": {
				"east": {"uv": [0, 0, 16, 16], "texture": "#1"},
				"west": {"uv": [0, 0, 16, 16], "texture": "#1"}
			}
		},
		{
			"from": [3.99, 3, 2.6],
			"to": [4, 19, 18.6],
			"rotation": {"angle": -22.5, "axis": "z", "origin": [8, 11, 10]},
			"faces": {
				"east": {"uv": [0, 0, 16, 16], "texture": "#1"},
				"west": {"uv": [0, 0, 16, 16], "texture": "#1"}
			}
		},
		{
			"from": [-0.6, 2, 14],
			"to": [15.4, 18, 14.01],
			"rotation": {"angle": -22.5, "axis": "x", "origin": [8, 11, 10]},
			"faces": {
				"north": {"uv": [0, 0, 16, 16], "texture": "#1"},
				"south": {"uv": [0, 0, 16, 16], "texture": "#1"}
			}
		},
		{
			"from": [-0.6, 3, 5.99],
			"to": [15.4, 19, 6],
			"rotation": {"angle": 22.5, "axis": "x", "origin": [8, 11, 10]},
			"faces": {
				"north": {"uv": [0, 0, 16, 16], "texture": "#1"},
				"south": {"uv": [0, 0, 16, 16], "texture": "#1"}
			}
		},
		{
			"from": [8, 9, 2.8],
			"to": [8.01, 25, 17.2],
			"rotation": {"angle": 45, "axis": "y", "origin": [8, 23, 10], "rescale": true},
			"faces": {
				"east": {"uv": [0, 0, 16, 16], "texture": "#0"},
				"west": {"uv": [0, 0, 16, 16], "texture": "#0"}
			}
		},
		{
			"from": [0.8, 9, 10],
			"to": [15.2, 25, 10.01],
			"rotation": {"angle": 45, "axis": "y", "origin": [8, 23, 10], "rescale": true},
			"faces": {
				"north": {"uv": [0, 0, 16, 16], "texture": "#0"},
				"south": {"uv": [0, 0, 16, 16], "texture": "#0"}
			}
		},
		{
			"from": [4.5, -16, 6.5],
			"to": [11.5, 13, 13.5],
			"rotation": {"angle": 45, "axis": "y", "origin": [8, 5, 10]},
			"faces": {
				"north": {"uv": [0, 0, 4, 14.5], "texture": "#2"},
				"east": {"uv": [8, 0, 12, 14.5], "texture": "#2"},
				"south": {"uv": [0, 0, 4, 14.5], "texture": "#2"},
				"west": {"uv": [8, 0, 12, 14.5], "texture": "#2"}
			}
		},
		{
			"from": [4, -16, 6],
			"to": [12, 13, 14],
			"rotation": {"angle": 45, "axis": "y", "origin": [8, 5, 10]},
			"faces": {
				"north": {"uv": [4, 0, 8, 14.5], "texture": "#2"},
				"east": {"uv": [12, 0, 16, 14.5], "texture": "#2"},
				"south": {"uv": [4, 0, 8, 14.5], "texture": "#2"},
				"west": {"uv": [12, 0, 16, 14.5], "texture": "#2"}
			}
		}
	],
	"groups": [0,
		{
			"name": "plant",
			"children": [1, 2, 3, 4, 5, 6, 7, 8]
		}
	]
}