{
	"credit": "Made with Blockbench",
	"parent": "./cit_item_ceilingsapling",
	"textures": {
		"0": "./birch_sapling_0",
		"1": "./birch_sapling_0_01",
		"2": "./birch_sapling_1",
		"1_0": "./flower_pot_4"
	},
	"elements": [
		{
			"from": [5, 5, 5],
			"to": [11, 11, 11],
			"faces": {
				"north": {"uv": [10.5, 13, 13.5, 16], "texture": "#1_0"},
				"east": {"uv": [10.5, 13, 13.5, 16], "texture": "#1_0"},
				"south": {"uv": [10.5, 13, 13.5, 16], "texture": "#1_0"},
				"west": {"uv": [10.5, 13, 13.5, 16], "texture": "#1_0"},
				"up": {"uv": [8, 8, 11, 11], "texture": "#1_0"},
				"down": {"uv": [13, 8, 16, 11], "texture": "#1_0"}
			}
		},
		{
			"from": [8, 0, 5],
			"to": [8.01, 32, 11],
			"rotation": {"angle": 45, "axis": "y", "origin": [8, 18, 8]},
			"faces": {
				"east": {"uv": [0, 0, 3.5, 16], "texture": "#1_0"},
				"west": {"uv": [0, 0, 3.5, 16], "texture": "#1_0"}
			}
		},
		{
			"from": [5, 0, 8],
			"to": [11, 32, 8.01],
			"rotation": {"angle": 45, "axis": "y", "origin": [8, 18, 8]},
			"faces": {
				"north": {"uv": [0, 0, 3.5, 16], "texture": "#1_0"},
				"south": {"uv": [0, 0, 3.5, 16], "texture": "#1_0"}
			}
		},
		{
			"from": [8.05, 10, 0.8],
			"to": [8.06, 26, 15.2],
			"rotation": {"angle": 45, "axis": "y", "origin": [8, 24, 8], "rescale": true},
			"faces": {
				"east": {"uv": [0, 0, 16, 16], "texture": "#0"},
				"west": {"uv": [0, 0, 16, 16], "texture": "#0"}
			}
		},
		{
			"from": [0.8, 10, 8.05],
			"to": [15.2, 26, 8.06],
			"rotation": {"angle": 45, "axis": "y", "origin": [8, 24, 8], "rescale": true},
			"faces": {
				"north": {"uv": [0, 0, 16, 16], "texture": "#0"},
				"south": {"uv": [0, 0, 16, 16], "texture": "#0"}
			}
		},
		{
			"from": [12, 4, 0.6],
			"to": [12.01, 20, 16.6],
			"rotation": {"angle": 22.5, "axis": "z", "origin": [8, 12, 8]},
			"faces": {
				"east": {"uv": [0, 0, 16, 16], "texture": "#1"},
				"west": {"uv": [0, 0, 16, 16], "texture": "#1"}
			}
		},
		{
			"from": [3.99, 4, 0.6],
			"to": [4, 20, 16.6],
			"rotation": {"angle": -22.5, "axis": "z", "origin": [8, 12, 8]},
			"faces": {
				"east": {"uv": [0, 0, 16, 16], "texture": "#1"},
				"west": {"uv": [0, 0, 16, 16], "texture": "#1"}
			}
		},
		{
			"from": [-0.6, 3, 12],
			"to": [15.4, 19, 12.01],
			"rotation": {"angle": -22.5, "axis": "x", "origin": [8, 12, 8]},
			"faces": {
				"north": {"uv": [0, 0, 16, 16], "texture": "#1"},
				"south": {"uv": [0, 0, 16, 16], "texture": "#1"}
			}
		},
		{
			"from": [-0.6, 4, 3.99],
			"to": [15.4, 20, 4],
			"rotation": {"angle": 22.5, "axis": "x", "origin": [8, 12, 8]},
			"faces": {
				"north": {"uv": [0, 0, 16, 16], "texture": "#1"},
				"south": {"uv": [0, 0, 16, 16], "texture": "#1"}
			}
		},
		{
			"from": [4.5, -16, 4.5],
			"to": [11.5, 13, 11.5],
			"rotation": {"angle": 45, "axis": "y", "origin": [8, 5, 8]},
			"faces": {
				"north": {"uv": [0, 0, 4, 14.5], "texture": "#2"},
				"east": {"uv": [8, 0, 12, 14.5], "texture": "#2"},
				"south": {"uv": [0, 0, 4, 14.5], "texture": "#2"},
				"west": {"uv": [8, 0, 12, 14.5], "texture": "#2"}
			}
		},
		{
			"from": [4, -16, 4],
			"to": [12, 13, 12],
			"rotation": {"angle": 45, "axis": "y", "origin": [8, 5, 8]},
			"faces": {
				"north": {"uv": [4, 0, 8, 14.5], "texture": "#2"},
				"east": {"uv": [12, 0, 16, 14.5], "texture": "#2"},
				"south": {"uv": [4, 0, 8, 14.5], "texture": "#2"},
				"west": {"uv": [12, 0, 16, 14.5], "texture": "#2"}
			}
		}
	],
	"groups": [
		{
			"name": "flower_pot",
			"children": [0, 1, 2]
		},
		{
			"name": "plant",
			"children": [3, 4, 5, 6, 7, 8, 9, 10]
		}
	]
}