{
	"credit": "Made with Blockbench",
	"parent": "./cit_item",
	"textures": {
		"0": "./birch_sapling_4"
	},
	"elements": [
		{
			"from": [4, 0, 4],
			"to": [12, 5, 12],
			"faces": {
				"north": {"uv": [11.5, 5, 15.5, 7.5], "texture": "#0"},
				"east": {"uv": [11.5, 5, 15.5, 7.5], "texture": "#0"},
				"south": {"uv": [11.5, 5, 15.5, 7.5], "texture": "#0"},
				"west": {"uv": [11.5, 5, 15.5, 7.5], "texture": "#0"},
				"up": {"uv": [11.5, 0.5, 15.5, 4.5], "texture": "#0"},
				"down": {"uv": [11.5, 7.5, 15.5, 11.5], "texture": "#0"}
			}
		},
		{
			"from": [3, 1, 3],
			"to": [13, 4, 13],
			"faces": {
				"north": {"uv": [11, 5.5, 16, 7], "texture": "#0"},
				"east": {"uv": [11, 5.5, 16, 7], "texture": "#0"},
				"south": {"uv": [11, 5.5, 16, 7], "texture": "#0"},
				"west": {"uv": [11, 5.5, 16, 7], "texture": "#0"},
				"up": {"uv": [11, 0, 16, 5], "texture": "#0"},
				"down": {"uv": [11, 0, 16, 5], "texture": "#0"}
			}
		},
		{
			"from": [0, 6, 0],
			"to": [15, 6.01, 15],
			"faces": {
				"up": {"uv": [1.5, 8.5, 9, 16], "texture": "#0"},
				"down": {"uv": [1.5, 8.5, 9, 16], "texture": "#0"}
			}
		},
		{
			"from": [-2.5, 8, 0],
			"to": [18.5, 8.01, 15],
			"rotation": {"angle": 45, "axis": "x", "origin": [8, 13, 8]},
			"faces": {
				"up": {"uv": [0, 0, 10.5, 8], "texture": "#0"},
				"down": {"uv": [0, 8, 10.5, 0], "texture": "#0"}
			}
		},
		{
			"from": [-2.5, 8, 1],
			"to": [18.5, 8.01, 16],
			"rotation": {"angle": -45, "axis": "x", "origin": [8, 13, 8]},
			"faces": {
				"up": {"uv": [0, 8, 10.5, 0], "texture": "#0"},
				"down": {"uv": [0, 0, 10.5, 8], "texture": "#0"}
			}
		},
		{
			"from": [0, 8, -2.5],
			"to": [15, 8.01, 18.5],
			"rotation": {"angle": -45, "axis": "z", "origin": [8, 13, 8]},
			"faces": {
				"up": {"uv": [0, 0, 10.5, 8], "rotation": 270, "texture": "#0"},
				"down": {"uv": [0, 0, 10.5, 8], "rotation": 270, "texture": "#0"}
			}
		},
		{
			"from": [1, 8, -2.5],
			"to": [16, 8.01, 18.5],
			"rotation": {"angle": 45, "axis": "z", "origin": [8, 13, 8]},
			"faces": {
				"up": {"uv": [0, 0, 10.5, 8], "rotation": 90, "texture": "#0"},
				"down": {"uv": [0, 0, 10.5, 8], "rotation": 90, "texture": "#0"}
			}
		}
	],
	"groups": [
		{
			"name": "flower_pot",
			"children": [0, 1]
		},
		{
			"name": "plant",
			"children": [2, 3, 4, 5, 6]
		}
	]
}