{
	"credit": "Made with Blockbench",
	"textures": {
		"1": "block/MizunoArchive/spruce_planks",
		"2": "block/MizunoArchive/light_gray_concrete",
		"3": "block/MizunoArchive/gray_concrete",
		"4": "block/MizunoArchive/crossbow string",
		"5": "block/MizunoArchive/dark_oak_planks",
		"particle": "block/MizunoArchive/light_gray_concrete"
	},
	"elements": [
		{
			"name": "Arm large",
			"from": [6.96548, 4.513, 11.99191],
			"to": [8.99178, 5.7816, 23.28229],
			"rotation": {"angle": 22.5, "axis": "x", "origin": [2.47568, 10.84, 17.05351]},
			"faces": {
				"north": {"uv": [1, 0, 5, 5], "texture": "#1"},
				"east": {"uv": [4, 12, 16, 15], "rotation": 180, "texture": "#1"},
				"south": {"uv": [1, 0, 5, 5], "texture": "#1"},
				"west": {"uv": [4, 12, 16, 15], "texture": "#1"},
				"up": {"uv": [4, 12, 16, 15], "rotation": 90, "texture": "#1"},
				"down": {"uv": [4, 12, 16, 15], "rotation": 270, "texture": "#1"}
			}
		},
		{
			"name": "arm ext. ",
			"from": [7.26856, 4.263, 5.96017],
			"to": [8.70588, 5.9816, 14.52271],
			"rotation": {"angle": 22.5, "axis": "x", "origin": [2.47568, 10.84, 17.05351]},
			"faces": {
				"north": {"uv": [1, 0, 4, 12], "texture": "#1"},
				"east": {"uv": [4, 12, 16, 15], "rotation": 90, "texture": "#1"},
				"south": {"uv": [1, 0, 4, 12], "texture": "#1"},
				"west": {"uv": [4, 12, 16, 15], "rotation": 90, "texture": "#1"},
				"up": {"uv": [2, 12, 14, 15], "rotation": 90, "texture": "#1"},
				"down": {"uv": [4, 12, 16, 15], "rotation": 90, "texture": "#1"}
			}
		},
		{
			"name": "arm ext. ",
			"from": [7.76856, 6.263, 6.96017],
			"to": [8.20588, 6.7316, 15.52271],
			"rotation": {"angle": 22.5, "axis": "x", "origin": [2.47568, 10.84, 17.05351]},
			"faces": {
				"north": {"uv": [0, 15, 1, 16], "rotation": 90, "texture": "#5"},
				"east": {"uv": [0, 15, 12, 16], "rotation": 180, "texture": "#5"},
				"south": {"uv": [0, 15, 1, 16], "rotation": 90, "texture": "#5"},
				"west": {"uv": [0, 15, 12, 16], "texture": "#5"},
				"up": {"uv": [0, 15, 12, 16], "rotation": 90, "texture": "#5"},
				"down": {"uv": [0, 15, 12, 16], "rotation": 90, "texture": "#5"}
			}
		},
		{
			"name": "arm ext. ",
			"from": [7.24356, 7.788, 4.41017],
			"to": [8.68088, 9.2816, 7.57271],
			"rotation": {"angle": 0, "axis": "x", "origin": [2.47568, 10.84, 17.05351]},
			"faces": {
				"north": {"uv": [1, 0, 5, 2], "rotation": 90, "texture": "#1"},
				"east": {"uv": [1, 0, 5, 2], "rotation": 90, "texture": "#1"},
				"south": {"uv": [1, 0, 5, 2], "rotation": 90, "texture": "#1"},
				"west": {"uv": [1, 0, 5, 2], "rotation": 90, "texture": "#1"},
				"up": {"uv": [1, 0, 5, 2], "rotation": 90, "texture": "#1"},
				"down": {"uv": [1, 0, 5, 2], "rotation": 90, "texture": "#1"}
			}
		},
		{
			"name": "Bow String",
			"from": [-2.27432, 9.5, 9.20351],
			"to": [17.67568, 9.5, 14.42851],
			"rotation": {"angle": 22.5, "axis": "x", "origin": [7.95068, 9.4, 9.30351], "rescale": true},
			"faces": {
				"north": {"uv": [0, 0, 16, 0.2], "texture": "#4"},
				"east": {"uv": [0, 0, 0.225, 0.2], "texture": "#4"},
				"south": {"uv": [0, 0, 16, 0.2], "texture": "#4"},
				"west": {"uv": [0, 0, 0.225, 0.2], "texture": "#4"},
				"up": {"uv": [0, 0, 15.988, 4.25], "texture": "#4"},
				"down": {"uv": [0, 0, 15.988, 4.25], "rotation": 180, "texture": "#4"}
			}
		},
		{
			"name": "bow side",
			"from": [8.09972, 9.113, 4.88967],
			"to": [12.06464, 9.9566, 4.97403],
			"rotation": {"angle": 0, "axis": "y", "origin": [0.84476, 15.44, 14.25363]},
			"faces": {
				"north": {"uv": [7.05, 0, 4.7, 0.5], "texture": "#2"},
				"east": {"uv": [7.05, 0, 4.7, 0.5], "texture": "#2"},
				"south": {"uv": [7.05, 0, 4.7, 0.5], "texture": "#2"},
				"west": {"uv": [7.05, 0, 4.7, 0.5], "texture": "#2"},
				"up": {"uv": [7.05, 0, 4.7, 0.5], "texture": "#2"},
				"down": {"uv": [7.05, 0, 4.7, 0.5], "texture": "#2"}
			}
		},
		{
			"name": "front of bow 5",
			"from": [7.55138, 9.113, 1.34655],
			"to": [11.17886, 9.9566, 1.43091],
			"rotation": {"angle": -22.5, "axis": "y", "origin": [0.84476, 15.44, 14.25363]},
			"faces": {
				"north": {"uv": [6.375, 0, 4.225, 0.5], "texture": "#2"},
				"east": {"uv": [6.375, 0, 4.225, 0.5], "texture": "#2"},
				"south": {"uv": [6.375, 0, 4.225, 0.5], "texture": "#2"},
				"west": {"uv": [6.375, 0, 4.225, 0.5], "texture": "#2"},
				"up": {"uv": [6.375, 0, 4.225, 0.5], "texture": "#2"},
				"down": {"uv": [6.375, 0, 4.225, 0.5], "texture": "#2"}
			}
		},
		{
			"name": "front of bow 6",
			"from": [5.44238, 9.113, -1.60605],
			"to": [7.99664, 9.9566, -1.52169],
			"rotation": {"angle": -45, "axis": "y", "origin": [0.84476, 15.44, 14.25363]},
			"faces": {
				"north": {"uv": [4.925, 0, 3.5, 0.5], "texture": "#2"},
				"east": {"uv": [4.925, 0, 3.5, 0.5], "texture": "#2"},
				"south": {"uv": [4.925, 0, 3.5, 0.5], "texture": "#2"},
				"west": {"uv": [4.925, 0, 3.5, 0.5], "texture": "#2"},
				"up": {"uv": [4.925, 0, 3.5, 0.5], "texture": "#2"},
				"down": {"uv": [4.925, 0, 3.5, 0.5], "texture": "#2"}
			}
		},
		{
			"name": "bow side",
			"from": [3.79736, 9.113, 4.88967],
			"to": [7.76228, 9.9566, 4.97403],
			"rotation": {"angle": 0, "axis": "y", "origin": [15.01724, 15.44, 14.25363]},
			"faces": {
				"north": {"uv": [4.7, 0, 2.35, 0.5], "texture": "#2"},
				"east": {"uv": [4.7, 0, 2.35, 0.5], "texture": "#2"},
				"south": {"uv": [4.7, 0, 2.35, 0.5], "texture": "#2"},
				"west": {"uv": [4.7, 0, 2.35, 0.5], "texture": "#2"},
				"up": {"uv": [4.7, 0, 2.35, 0.5], "texture": "#2"},
				"down": {"uv": [4.7, 0, 2.35, 0.5], "texture": "#2"}
			}
		},
		{
			"name": "front of bow 4",
			"from": [4.68314, 9.113, 1.34655],
			"to": [8.31062, 9.9566, 1.43091],
			"rotation": {"angle": 22.5, "axis": "y", "origin": [15.01724, 15.44, 14.25363]},
			"faces": {
				"north": {"uv": [4.225, 0, 2.075, 0.5], "texture": "#2"},
				"east": {"uv": [4.225, 0, 2.075, 0.5], "texture": "#2"},
				"south": {"uv": [4.225, 0, 2.075, 0.5], "texture": "#2"},
				"west": {"uv": [4.225, 0, 2.075, 0.5], "texture": "#2"},
				"up": {"uv": [4.225, 0, 2.075, 0.5], "texture": "#2"},
				"down": {"uv": [4.225, 0, 2.075, 0.5], "texture": "#2"}
			}
		},
		{
			"name": "front of bow 5",
			"from": [7.76536, 9.113, -1.60605],
			"to": [10.41962, 9.9566, -1.52169],
			"rotation": {"angle": 45, "axis": "y", "origin": [15.01724, 15.44, 14.25363]},
			"faces": {
				"north": {"uv": [3.5, 0, 2.075, 0.5], "texture": "#2"},
				"east": {"uv": [3.5, 0, 2.075, 0.5], "texture": "#2"},
				"south": {"uv": [3.5, 0, 2.075, 0.5], "texture": "#2"},
				"west": {"uv": [3.5, 0, 2.075, 0.5], "texture": "#2"},
				"up": {"uv": [3.5, 0, 2.075, 0.5], "texture": "#2"},
				"down": {"uv": [3.5, 0, 2.075, 0.5], "texture": "#2"}
			}
		},
		{
			"name": "front of bow 6",
			"from": [-2.39244, 9.113, 14.72625],
			"to": [-2.30808, 9.9566, 16.55551],
			"rotation": {"angle": -22.5, "axis": "y", "origin": [15.01724, 15.44, 14.25363]},
			"faces": {
				"north": {"uv": [0.1, 0, 0.05, 0.5], "texture": "#2"},
				"east": {"uv": [0.1, 0, 0.05, 0.5], "texture": "#2"},
				"south": {"uv": [0.1, 0, 0.05, 0.5], "texture": "#2"},
				"west": {"uv": [0.1, 0, 0.05, 0.5], "texture": "#2"},
				"up": {"uv": [0.1, 0, 0.05, 0.5], "texture": "#2"},
				"down": {"uv": [0.1, 0, 0.05, 0.5], "texture": "#2"}
			}
		},
		{
			"name": "front of bow 7",
			"from": [19.73256, 9.138, 9.37651],
			"to": [19.81692, 9.9816, 11.20577],
			"rotation": {"angle": 22.5, "axis": "y", "origin": [15.01724, 15.44, 15.60339]},
			"faces": {
				"north": {"uv": [0.05, 0, 0.1, 0.5], "texture": "#2"},
				"east": {"uv": [0.05, 0, 0.1, 0.5], "texture": "#2"},
				"south": {"uv": [0.05, 0, 0.1, 0.5], "texture": "#2"},
				"west": {"uv": [0.05, 0, 0.1, 0.5], "texture": "#2"},
				"up": {"uv": [0.05, 0, 0.1, 0.5], "texture": "#2"},
				"down": {"uv": [0.05, 0, 0.1, 0.5], "texture": "#2"}
			}
		},
		{
			"from": [6.57568, 8.7, 2.57851],
			"to": [9.37568, 9.15, 2.80351],
			"rotation": {"angle": 0, "axis": "y", "origin": [2.70068, 8, 17.05351]},
			"faces": {
				"north": {"uv": [0, 0.225, 2.8, 0.45], "texture": "#3"},
				"east": {"uv": [0, 0.225, 2.8, 0.45], "texture": "#3"},
				"south": {"uv": [0, 0.225, 2.8, 0.45], "texture": "#3"},
				"west": {"uv": [0, 0.225, 2.8, 0.45], "texture": "#3"},
				"up": {"uv": [0, 0.225, 2.8, 0.45], "texture": "#3"},
				"down": {"uv": [0, 0.225, 2.8, 0.45], "texture": "#3"}
			}
		},
		{
			"from": [7.07568, 8.325, 6.90351],
			"to": [8.92568, 9.55, 7.35351],
			"rotation": {"angle": 0, "axis": "y", "origin": [2.70068, 8, 17.05351]},
			"faces": {
				"north": {"uv": [0, 0.225, 2.8, 0.45], "rotation": 270, "texture": "#3"},
				"east": {"uv": [0, 0.225, 2.8, 0.45], "rotation": 270, "texture": "#3"},
				"south": {"uv": [0, 0.225, 2.8, 0.45], "rotation": 270, "texture": "#3"},
				"west": {"uv": [0, 0.225, 2.8, 0.45], "rotation": 270, "texture": "#3"},
				"up": {"uv": [0, 0.225, 2.8, 0.45], "rotation": 270, "texture": "#3"},
				"down": {"uv": [0, 0.225, 2.8, 0.45], "rotation": 270, "texture": "#3"}
			}
		},
		{
			"from": [7.07568, 8.325, 4.32851],
			"to": [8.90068, 8.775, 7.12851],
			"rotation": {"angle": 0, "axis": "y", "origin": [2.70068, 8, 17.05351]},
			"faces": {
				"north": {"uv": [0, 0.225, 2.8, 0.45], "texture": "#3"},
				"east": {"uv": [0, 0.225, 2.8, 0.45], "texture": "#3"},
				"south": {"uv": [0, 0.225, 2.8, 0.45], "texture": "#3"},
				"west": {"uv": [0, 0.225, 2.8, 0.45], "texture": "#3"},
				"up": {"uv": [0, 0.225, 2.8, 0.45], "texture": "#3"},
				"down": {"uv": [0, 0.225, 2.8, 0.45], "texture": "#3"}
			}
		},
		{
			"from": [7.07568, 5.175, 4.80351],
			"to": [8.90068, 5.625, 7.60351],
			"rotation": {"angle": 22.5, "axis": "x", "origin": [2.70068, 8, 17.05351]},
			"faces": {
				"north": {"uv": [0, 0.225, 2.8, 0.45], "texture": "#3"},
				"east": {"uv": [0, 0.225, 2.8, 0.45], "texture": "#3"},
				"south": {"uv": [0, 0.225, 2.8, 0.45], "texture": "#3"},
				"west": {"uv": [0, 0.225, 2.8, 0.45], "texture": "#3"},
				"up": {"uv": [0, 0.225, 2.8, 0.45], "texture": "#3"},
				"down": {"uv": [0, 0.225, 2.8, 0.45], "texture": "#3"}
			}
		},
		{
			"from": [7.92568, 3.35, 11.97851],
			"to": [8.10068, 3.575, 14.77851],
			"rotation": {"angle": 22.5, "axis": "x", "origin": [2.70068, 8, 17.05351]},
			"faces": {
				"north": {"uv": [0, 0.225, 2.8, 0.45], "texture": "#2"},
				"east": {"uv": [0, 0.225, 2.8, 0.45], "texture": "#2"},
				"south": {"uv": [0, 0.225, 2.8, 0.45], "texture": "#2"},
				"west": {"uv": [0, 0.225, 2.8, 0.45], "texture": "#2"},
				"up": {"uv": [0, 0.225, 2.8, 0.45], "texture": "#2"},
				"down": {"uv": [0, 0.225, 2.8, 0.45], "texture": "#2"}
			}
		},
		{
			"from": [7.90068, 3.35, 14.75351],
			"to": [8.07568, 3.575, 17.55351],
			"rotation": {"angle": 22.5, "axis": "x", "origin": [2.70068, 8, 17.05351]},
			"faces": {
				"north": {"uv": [0, 0.225, 2.8, 0.45], "texture": "#2"},
				"east": {"uv": [0, 0.225, 2.8, 0.45], "texture": "#2"},
				"south": {"uv": [0, 0.225, 2.8, 0.45], "texture": "#2"},
				"west": {"uv": [0, 0.225, 2.8, 0.45], "texture": "#2"},
				"up": {"uv": [0, 0.225, 2.8, 0.45], "texture": "#2"},
				"down": {"uv": [0, 0.225, 2.8, 0.45], "texture": "#2"}
			}
		},
		{
			"from": [7.85068, 1.775, 11.77851],
			"to": [8.02568, 2, 14.15351],
			"rotation": {"angle": 45, "axis": "x", "origin": [2.70068, 8, 17.05351]},
			"faces": {
				"north": {"uv": [0, 0.225, 2.8, 0.45], "texture": "#2"},
				"east": {"uv": [0, 0.225, 2.8, 0.45], "texture": "#2"},
				"south": {"uv": [0, 0.225, 2.8, 0.45], "texture": "#2"},
				"west": {"uv": [0, 0.225, 2.8, 0.45], "texture": "#2"},
				"up": {"uv": [0, 0.225, 2.8, 0.45], "texture": "#2"},
				"down": {"uv": [0, 0.225, 2.8, 0.45], "texture": "#2"}
			}
		},
		{
			"from": [11.75068, 8.75, 5.22851],
			"to": [11.97568, 9.2, 7.15351],
			"rotation": {"angle": 22.5, "axis": "y", "origin": [2.70068, 8, 17.05351]},
			"faces": {
				"north": {"uv": [0, 0.225, 1.925, 0.45], "rotation": 270, "texture": "#3"},
				"east": {"uv": [0, 0.225, 1.925, 0.45], "rotation": 270, "texture": "#3"},
				"south": {"uv": [0, 0.225, 1.925, 0.45], "rotation": 270, "texture": "#3"},
				"west": {"uv": [0, 0.225, 1.925, 0.45], "rotation": 270, "texture": "#3"},
				"up": {"uv": [0, 0.225, 1.925, 0.45], "rotation": 270, "texture": "#3"},
				"down": {"uv": [0, 0.225, 1.925, 0.45], "rotation": 270, "texture": "#3"}
			}
		},
		{
			"from": [3.15068, 8.75, 1.17851],
			"to": [3.37568, 9.2, 3.10351],
			"rotation": {"angle": -22.5, "axis": "y", "origin": [2.70068, 8, 17.05351]},
			"faces": {
				"north": {"uv": [0, 0, 1.925, 0.225], "rotation": 270, "texture": "#3"},
				"east": {"uv": [0, 0, 1.925, 0.225], "rotation": 270, "texture": "#3"},
				"south": {"uv": [0, 0, 1.925, 0.225], "rotation": 270, "texture": "#3"},
				"west": {"uv": [0, 0, 1.925, 0.225], "rotation": 270, "texture": "#3"},
				"up": {"uv": [0, 0, 1.925, 0.225], "rotation": 270, "texture": "#3"},
				"down": {"uv": [0, 0, 1.925, 0.225], "rotation": 270, "texture": "#3"}
			}
		},
		{
			"from": [7.52568, 5.7, 11.12851],
			"to": [8.60068, 6, 13.12851],
			"rotation": {"angle": 22.5, "axis": "x", "origin": [2.70068, 8, 17.05351]},
			"faces": {
				"north": {"uv": [0, 0.225, 2.8, 0.45], "texture": "#3"},
				"east": {"uv": [0, 0.225, 2.8, 0.45], "texture": "#3"},
				"south": {"uv": [0, 0.225, 2.8, 0.45], "texture": "#3"},
				"west": {"uv": [0, 0.225, 2.8, 0.45], "texture": "#3"},
				"up": {"uv": [0, 0.225, 2.8, 0.45], "rotation": 270, "texture": "#3"},
				"down": {"uv": [0, 0.225, 2.8, 0.45], "rotation": 90, "texture": "#3"}
			}
		},
		{
			"from": [7.55068, 5.625, 11.42851],
			"to": [7.95068, 6.4, 11.97851],
			"rotation": {"angle": 22.5, "axis": "x", "origin": [2.70068, 8, 17.05351]},
			"faces": {
				"north": {"uv": [0, 0.225, 2.8, 0.45], "texture": "#3"},
				"east": {"uv": [0, 0.225, 2.8, 0.45], "texture": "#3"},
				"south": {"uv": [0, 0.225, 2.8, 0.45], "texture": "#3"},
				"west": {"uv": [0, 0.225, 2.8, 0.45], "texture": "#3"},
				"up": {"uv": [0, 0.225, 2.8, 0.45], "rotation": 270, "texture": "#3"},
				"down": {"uv": [0, 0.225, 2.8, 0.45], "rotation": 90, "texture": "#3"}
			}
		},
		{
			"from": [8.20068, 5.625, 11.42851],
			"to": [8.60068, 6.4, 11.97851],
			"rotation": {"angle": 22.5, "axis": "x", "origin": [2.70068, 8, 17.05351]},
			"faces": {
				"north": {"uv": [0, 0.225, 2.8, 0.45], "texture": "#3"},
				"east": {"uv": [0, 0.225, 2.8, 0.45], "texture": "#3"},
				"south": {"uv": [0, 0.225, 2.8, 0.45], "texture": "#3"},
				"west": {"uv": [0, 0.225, 2.8, 0.45], "texture": "#3"},
				"up": {"uv": [0, 0.225, 2.8, 0.45], "rotation": 270, "texture": "#3"},
				"down": {"uv": [0, 0.225, 2.8, 0.45], "rotation": 90, "texture": "#3"}
			}
		},
		{
			"from": [7.90068, 3.275, 14.70351],
			"to": [8.20068, 6.8, 14.97851],
			"rotation": {"angle": 22.5, "axis": "x", "origin": [2.70068, 8, 17.05351]},
			"faces": {
				"north": {"uv": [0, 0.225, 2.8, 0.45], "texture": "#2"},
				"east": {"uv": [0, 0.225, 2.8, 0.45], "texture": "#2"},
				"south": {"uv": [0, 0.225, 2.8, 0.45], "texture": "#2"},
				"west": {"uv": [0, 0.225, 2.8, 0.45], "texture": "#2"},
				"up": {"uv": [0, 0.225, 2.8, 0.45], "rotation": 270, "texture": "#2"},
				"down": {"uv": [0, 0.225, 2.8, 0.45], "rotation": 90, "texture": "#2"}
			}
		},
		{
			"from": [7.45068, 5.7, 6.80351],
			"to": [8.52568, 6, 8.80351],
			"rotation": {"angle": 22.5, "axis": "x", "origin": [2.70068, 8, 17.05351]},
			"faces": {
				"north": {"uv": [0, 0.225, 2.8, 0.45], "texture": "#3"},
				"east": {"uv": [0, 0.225, 2.8, 0.45], "texture": "#3"},
				"south": {"uv": [0, 0.225, 2.8, 0.45], "texture": "#3"},
				"west": {"uv": [0, 0.225, 2.8, 0.45], "texture": "#3"},
				"up": {"uv": [0, 0.225, 2.8, 0.45], "rotation": 270, "texture": "#3"},
				"down": {"uv": [0, 0.225, 2.8, 0.45], "rotation": 90, "texture": "#3"}
			}
		},
		{
			"from": [7.47568, 5.625, 7.10351],
			"to": [7.87568, 6.4, 7.65351],
			"rotation": {"angle": 22.5, "axis": "x", "origin": [2.70068, 8, 17.05351]},
			"faces": {
				"north": {"uv": [0, 0.225, 2.8, 0.45], "texture": "#3"},
				"east": {"uv": [0, 0.225, 2.8, 0.45], "texture": "#3"},
				"south": {"uv": [0, 0.225, 2.8, 0.45], "texture": "#3"},
				"west": {"uv": [0, 0.225, 2.8, 0.45], "texture": "#3"},
				"up": {"uv": [0, 0.225, 2.8, 0.45], "rotation": 270, "texture": "#3"},
				"down": {"uv": [0, 0.225, 2.8, 0.45], "rotation": 90, "texture": "#3"}
			}
		},
		{
			"from": [8.12568, 5.625, 7.10351],
			"to": [8.52568, 6.4, 7.65351],
			"rotation": {"angle": 22.5, "axis": "x", "origin": [2.70068, 8, 17.05351]},
			"faces": {
				"north": {"uv": [0, 0.225, 2.8, 0.45], "texture": "#3"},
				"east": {"uv": [0, 0.225, 2.8, 0.45], "texture": "#3"},
				"south": {"uv": [0, 0.225, 2.8, 0.45], "texture": "#3"},
				"west": {"uv": [0, 0.225, 2.8, 0.45], "texture": "#3"},
				"up": {"uv": [0, 0.225, 2.8, 0.45], "rotation": 270, "texture": "#3"},
				"down": {"uv": [0, 0.225, 2.8, 0.45], "rotation": 90, "texture": "#3"}
			}
		}
	],
	"display": {
		"thirdperson_righthand": {
			"rotation": [61.25, 0, 0],
			"translation": [-0.5, 6.75, -0.25]
		},
		"thirdperson_lefthand": {
			"rotation": [61.25, 0, 0],
			"translation": [-0.5, 6.75, -0.25]
		},
		"firstperson_righthand": {
			"rotation": [0, 2, 0],
			"translation": [0, 2.5, 0],
			"scale": [0.93164, 0.93164, 0.93164]
		},
		"firstperson_lefthand": {
			"rotation": [0, 2, 0],
			"translation": [0, 2.5, 0],
			"scale": [0.93164, 0.93164, 0.93164]
		},
		"gui": {
			"rotation": [30, -50, 0],
			"translation": [2, 1.75, 0],
			"scale": [0.92578, 0.92578, 0.92578]
		},
		"head": {
			"rotation": [70.25, 30.25, 5.25],
			"translation": [-5, -8.5, 5.5],
			"scale": [1.45508, 1.45508, 1.45508]
		},
		"fixed": {
			"rotation": [-112.25, 0, 0],
			"translation": [0, -5.5, -2],
			"scale": [2, 2, 2]
		}
	},
	"groups": [
		{
			"name": "Bow",
			"origin": [8, 8, 8],
			"children": [
				{
					"name": "Cross Bow",
					"origin": [8, 8, 8],
					"children": [0, 1, 2, 3]
				}
			]
		}, 4,
		{
			"name": "Bowed Bar",
			"origin": [8, 8, 8],
			"children": [
				{
					"name": "Bow",
					"origin": [8, 8, 8],
					"children": [5, 6, 7]
				},
				{
					"name": "Bow",
					"origin": [8, 8, 8],
					"children": [8, 9, 10, 11, 12]
				}
			]
		},
		{
			"name": "Foot Peg",
			"origin": [8, 8, 8],
			"children": [13, 14, 15, 16, 17, 18, 19, 20, 21]
		},
		{
			"name": "Steady on ",
			"origin": [8, 8, 8],
			"children": [22, 23, 24, 25]
		},
		{
			"name": "Steady on ",
			"origin": [8, 8, 8],
			"children": [26, 27, 28]
		}
	]
}