{
	"credit": "Made with Blockbench",
	"parent": "./cit_item",
	"textures": {
		"0": "./bone_0"
	},
	"elements": [
		{
			"from": [5, 0, 6.5],
			"to": [10, 2, 9.5],
			"faces": {
				"north": {"uv": [8, 9, 3, 11], "texture": "#0"},
				"east": {"uv": [3, 10, 4, 11], "texture": "#0"},
				"south": {"uv": [3, 9, 8, 11], "texture": "#0"},
				"west": {"uv": [0, 9, 3, 11], "texture": "#0"},
				"down": {"uv": [3, 11, 6, 16], "rotation": 90, "texture": "#0"}
			}
		},
		{
			"from": [3, 2, 6],
			"to": [9, 5, 10],
			"faces": {
				"north": {"uv": [12, 13, 6, 16], "texture": "#0"},
				"south": {"uv": [6, 13, 12, 16], "texture": "#0"},
				"west": {"uv": [8, 10, 12, 13], "texture": "#0"},
				"up": {"uv": [12, 10, 16, 16], "rotation": 90, "texture": "#0"}
			}
		},
		{
			"from": [9, 1, 5],
			"to": [13, 6, 11],
			"faces": {
				"north": {"uv": [10, 4, 6, 9], "texture": "#0"},
				"east": {"uv": [10, 4, 16, 9], "texture": "#0"},
				"south": {"uv": [6, 4, 10, 9], "texture": "#0"},
				"west": {"uv": [0, 4, 6, 9], "texture": "#0"},
				"up": {"uv": [0, 0, 6, 4], "rotation": 90, "texture": "#0"},
				"down": {"uv": [0, 0, 6, 4], "rotation": 90, "texture": "#0"}
			}
		},
		{
			"from": [7, 4, 5],
			"to": [9, 6, 11],
			"faces": {
				"north": {"uv": [16, 2, 14, 4], "texture": "#0"},
				"south": {"uv": [14, 2, 16, 4], "texture": "#0"},
				"west": {"uv": [3, 10, 4, 11], "texture": "#0"},
				"up": {"uv": [8, 0, 14, 2], "rotation": 90, "texture": "#0"},
				"down": {"uv": [8, 0, 14, 2], "rotation": 90, "texture": "#0"}
			}
		},
		{
			"from": [12, 4, 10],
			"to": [14, 7, 12],
			"faces": {
				"north": {"uv": [0, 13, 2, 16], "texture": "#0"},
				"east": {"uv": [0, 13, 2, 16], "texture": "#0"},
				"south": {"uv": [0, 13, 2, 16], "texture": "#0"},
				"west": {"uv": [0, 13, 2, 16], "texture": "#0"},
				"up": {"uv": [0, 13, 2, 15], "texture": "#0"},
				"down": {"uv": [14, 0, 16, 2], "texture": "#0"}
			}
		},
		{
			"from": [13, 6, 11.5],
			"to": [15, 8, 12.5],
			"faces": {
				"north": {"uv": [8, 2, 6, 4], "texture": "#0"},
				"east": {"uv": [7, 2, 8, 4], "texture": "#0"},
				"south": {"uv": [6, 2, 8, 4], "texture": "#0"},
				"west": {"uv": [6, 2, 7, 4], "texture": "#0"},
				"up": {"uv": [6, 2, 8, 3], "texture": "#0"},
				"down": {"uv": [6, 3, 8, 4], "texture": "#0"}
			}
		},
		{
			"from": [12, 8, 11.5],
			"to": [14, 9, 12.5],
			"faces": {
				"north": {"uv": [8, 1, 6, 2], "texture": "#0"},
				"east": {"uv": [7, 1, 8, 2], "texture": "#0"},
				"south": {"uv": [6, 1, 8, 2], "texture": "#0"},
				"west": {"uv": [6, 1, 7, 2], "texture": "#0"},
				"up": {"uv": [6, 1, 8, 2], "texture": "#0"},
				"down": {"uv": [6, 3, 8, 4], "texture": "#0"}
			}
		},
		{
			"from": [12, 4, 4],
			"to": [14, 7, 6],
			"faces": {
				"north": {"uv": [2, 13, 0, 16], "texture": "#0"},
				"east": {"uv": [2, 13, 0, 16], "texture": "#0"},
				"south": {"uv": [2, 13, 0, 16], "texture": "#0"},
				"west": {"uv": [2, 13, 0, 16], "texture": "#0"},
				"up": {"uv": [0, 15, 2, 13], "texture": "#0"},
				"down": {"uv": [16, 0, 14, 2], "texture": "#0"}
			}
		},
		{
			"from": [13, 6, 3.5],
			"to": [15, 8, 4.5],
			"faces": {
				"north": {"uv": [8, 2, 6, 4], "texture": "#0"},
				"east": {"uv": [8, 2, 7, 4], "texture": "#0"},
				"south": {"uv": [6, 2, 8, 4], "texture": "#0"},
				"west": {"uv": [7, 2, 6, 4], "texture": "#0"},
				"up": {"uv": [6, 3, 8, 2], "texture": "#0"},
				"down": {"uv": [6, 4, 8, 3], "texture": "#0"}
			}
		},
		{
			"from": [12, 8, 3.5],
			"to": [14, 9, 4.5],
			"faces": {
				"north": {"uv": [8, 1, 6, 2], "texture": "#0"},
				"east": {"uv": [8, 1, 7, 2], "texture": "#0"},
				"south": {"uv": [6, 1, 8, 2], "texture": "#0"},
				"west": {"uv": [7, 1, 6, 2], "texture": "#0"},
				"up": {"uv": [6, 2, 8, 1], "texture": "#0"},
				"down": {"uv": [6, 3, 8, 4], "texture": "#0"}
			}
		}
	]
}