{
	"credit": "Made with Blockbench",
	"parent": "./cit_item",
	"textures": {
		"0": "./bowl_0",
		"1": "./bowl_1"
	},
	"elements": [
		{
			"from": [8.5, 4, 10.5],
			"to": [13.5, 5, 11.5],
			"rotation": {"angle": 22.5, "axis": "z", "origin": [9.5, 4, 9]},
			"faces": {
				"north": {"uv": [15, 15, 10, 15.5], "texture": "#0"},
				"east": {"uv": [15, 14, 16, 15], "texture": "#0"},
				"south": {"uv": [10, 15, 15, 15.5], "texture": "#0"},
				"west": {"uv": [15, 14, 16, 15], "texture": "#0"},
				"up": {"uv": [10, 14, 15, 15], "texture": "#0"},
				"down": {"uv": [10, 14, 15, 15], "texture": "#0"}
			}
		},
		{
			"from": [5.5, 4.25, 9.5],
			"to": [8.5, 4.75, 12.5],
			"rotation": {"angle": 22.5, "axis": "z", "origin": [9.5, 4, 9]},
			"faces": {
				"north": {"uv": [13, 13, 16, 14], "texture": "#0"},
				"east": {"uv": [13, 13, 16, 14], "texture": "#0"},
				"south": {"uv": [13, 13, 16, 14], "texture": "#0"},
				"west": {"uv": [13, 13, 16, 14], "texture": "#0"},
				"up": {"uv": [13, 10, 16, 13], "texture": "#0"},
				"down": {"uv": [13, 10, 16, 13], "texture": "#0"}
			}
		},
		{
			"from": [9.5, 2, 6.5],
			"to": [10.5, 4, 13.5],
			"faces": {
				"east": {"uv": [1, 11, 8, 13], "texture": "#0"},
				"west": {"uv": [1, 9, 8, 11], "texture": "#0"},
				"up": {"uv": [0, 1, 1, 8], "texture": "#0"},
				"down": {"uv": [1, 1, 2, 8], "texture": "#0"}
			}
		},
		{
			"from": [1.5, 2, 6.5],
			"to": [2.5, 4, 13.5],
			"faces": {
				"east": {"uv": [1, 9, 8, 11], "texture": "#0"},
				"west": {"uv": [1, 11, 8, 13], "texture": "#0"},
				"up": {"uv": [0, 1, 1, 8], "texture": "#0"},
				"down": {"uv": [1, 1, 2, 8], "texture": "#0"}
			}
		},
		{
			"from": [1.5, 2, 13.5],
			"to": [10.5, 4, 14.5],
			"faces": {
				"north": {"uv": [0, 9, 9, 11], "texture": "#0"},
				"east": {"uv": [0, 11, 1, 13], "texture": "#0"},
				"south": {"uv": [0, 11, 9, 13], "texture": "#0"},
				"west": {"uv": [8, 11, 9, 13], "texture": "#0"},
				"up": {"uv": [0, 0, 1, 9], "rotation": 90, "texture": "#0"},
				"down": {"uv": [1, 0, 2, 9], "rotation": 90, "texture": "#0"}
			}
		},
		{
			"from": [1.5, 2, 5.5],
			"to": [10.5, 4, 6.5],
			"faces": {
				"north": {"uv": [0, 11, 9, 13], "texture": "#0"},
				"east": {"uv": [8, 11, 9, 13], "texture": "#0"},
				"south": {"uv": [0, 9, 9, 11], "texture": "#0"},
				"west": {"uv": [0, 11, 1, 13], "texture": "#0"},
				"up": {"uv": [0, 0, 1, 9], "rotation": 90, "texture": "#0"},
				"down": {"uv": [1, 0, 2, 9], "rotation": 90, "texture": "#0"}
			}
		},
		{
			"from": [2, 1, 6],
			"to": [10, 2, 14],
			"faces": {
				"north": {"uv": [0, 14, 8, 15], "texture": "#0"},
				"east": {"uv": [0, 14, 8, 15], "texture": "#0"},
				"south": {"uv": [0, 14, 8, 15], "texture": "#0"},
				"west": {"uv": [0, 14, 8, 15], "texture": "#0"},
				"up": {"uv": [2, 0, 10, 8], "texture": "#0"},
				"down": {"uv": [2, 0, 10, 8], "texture": "#0"}
			}
		},
		{
			"from": [3, 0, 7],
			"to": [9, 1, 13],
			"faces": {
				"north": {"uv": [1, 15, 7, 16], "texture": "#0"},
				"east": {"uv": [1, 15, 7, 16], "texture": "#0"},
				"south": {"uv": [1, 15, 7, 16], "texture": "#0"},
				"west": {"uv": [1, 15, 7, 16], "texture": "#0"},
				"down": {"uv": [3, 1, 9, 7], "texture": "#0"}
			}
		},
		{
			"from": [14, 0, 3],
			"to": [15, 6, 5],
			"faces": {
				"east": {"uv": [12, 10, 14, 16], "texture": "#1"},
				"west": {"uv": [12, 10, 14, 16], "texture": "#1"},
				"up": {"uv": [14, 11, 15, 13], "texture": "#1"},
				"down": {"uv": [14, 11, 15, 13], "texture": "#1"}
			}
		},
		{
			"from": [11, 0, 3],
			"to": [12, 6, 5],
			"faces": {
				"east": {"uv": [12, 10, 14, 16], "texture": "#1"},
				"west": {"uv": [12, 10, 14, 16], "texture": "#1"},
				"up": {"uv": [11, 11, 12, 13], "texture": "#1"},
				"down": {"uv": [11, 11, 12, 13], "texture": "#1"}
			}
		},
		{
			"from": [11, 0, 5],
			"to": [15, 6, 6],
			"faces": {
				"north": {"uv": [11, 10, 15, 16], "texture": "#1"},
				"east": {"uv": [11, 10, 12, 16], "texture": "#1"},
				"south": {"uv": [11, 10, 15, 16], "texture": "#1"},
				"west": {"uv": [14, 10, 15, 16], "texture": "#1"},
				"up": {"uv": [11, 10, 15, 11], "texture": "#1"},
				"down": {"uv": [11, 10, 15, 11], "texture": "#1"}
			}
		},
		{
			"from": [11, 0, 2],
			"to": [15, 6, 3],
			"faces": {
				"north": {"uv": [11, 10, 15, 16], "texture": "#1"},
				"east": {"uv": [14, 10, 15, 16], "texture": "#1"},
				"south": {"uv": [11, 10, 15, 16], "texture": "#1"},
				"west": {"uv": [11, 10, 12, 16], "texture": "#1"},
				"up": {"uv": [11, 10, 15, 11], "texture": "#1"},
				"down": {"uv": [11, 10, 15, 11], "texture": "#1"}
			}
		},
		{
			"from": [12, 0, 3],
			"to": [14, 1, 5],
			"faces": {
				"up": {"uv": [12, 11, 14, 13], "texture": "#1"},
				"down": {"uv": [12, 11, 14, 13], "texture": "#1"}
			}
		}
	],
	"groups": [
		{
			"name": "spoon",
			"origin": [11, 5, 7],
			"children": [0, 1]
		},
		{
			"name": "bowl",
			"origin": [8, 8, 8],
			"children": [2, 3, 4, 5, 6, 7]
		},
		{
			"name": "cup",
			"origin": [8, 8, 8],
			"children": [8, 9, 10, 11, 12]
		}
	]
}