{
	"credit": "Made with Blockbench",
	"parent": "./cit_item",
	"textures": {
		"0": "./plate_gold",
		"1": "./cutlery_gold"
	},
	"elements": [
		{
			"from": [3, 0, 3],
			"to": [13, 1, 13],
			"faces": {
				"north": {"uv": [3, 2, 13, 3], "texture": "#0"},
				"east": {"uv": [13, 3, 14, 13], "rotation": 90, "texture": "#0"},
				"south": {"uv": [3, 13, 13, 14], "texture": "#0"},
				"west": {"uv": [2, 3, 3, 13], "rotation": 90, "texture": "#0"},
				"up": {"uv": [3, 3, 13, 13], "texture": "#0"},
				"down": {"uv": [3, 3, 13, 13], "texture": "#0"}
			}
		},
		{
			"from": [3, 0.5, 1],
			"to": [13, 1.5, 3],
			"faces": {
				"north": {"uv": [3, 0, 13, 1], "texture": "#0"},
				"south": {"uv": [3, 2, 13, 3], "texture": "#0"},
				"up": {"uv": [3, 1, 13, 3], "texture": "#0"},
				"down": {"uv": [3, 13, 13, 15], "texture": "#0"}
			}
		},
		{
			"from": [3, 0.5, 13],
			"to": [13, 1.5, 15],
			"faces": {
				"north": {"uv": [3, 13, 13, 14], "texture": "#0"},
				"south": {"uv": [3, 15, 13, 16], "texture": "#0"},
				"up": {"uv": [3, 13, 13, 15], "texture": "#0"},
				"down": {"uv": [3, 1, 13, 3], "texture": "#0"}
			}
		},
		{
			"from": [1, 0.5, 1],
			"to": [3, 1.5, 15],
			"faces": {
				"north": {"uv": [1, 0, 3, 1], "texture": "#0"},
				"east": {"uv": [2, 1, 3, 15], "rotation": 90, "texture": "#0"},
				"south": {"uv": [1, 15, 3, 16], "texture": "#0"},
				"west": {"uv": [0, 1, 1, 15], "rotation": 90, "texture": "#0"},
				"up": {"uv": [1, 1, 3, 15], "texture": "#0"},
				"down": {"uv": [1, 1, 3, 15], "texture": "#0"}
			}
		},
		{
			"from": [13, 0.5, 1],
			"to": [15, 1.5, 15],
			"faces": {
				"north": {"uv": [13, 0, 15, 1], "texture": "#0"},
				"east": {"uv": [15, 1, 16, 15], "rotation": 90, "texture": "#0"},
				"south": {"uv": [13, 15, 15, 16], "texture": "#0"},
				"west": {"uv": [13, 1, 14, 15], "rotation": 90, "texture": "#0"},
				"up": {"uv": [13, 1, 15, 15], "texture": "#0"},
				"down": {"uv": [13, 1, 15, 15], "texture": "#0"}
			}
		},
		{
			"from": [-3, 0.5, 7],
			"to": [-1, 1.5, 14],
			"faces": {
				"north": {"uv": [1, 4, 3, 5], "texture": "#1"},
				"east": {"uv": [0, 4, 1, 11], "rotation": 90, "texture": "#1"},
				"south": {"uv": [1, 11, 3, 12], "texture": "#1"},
				"west": {"uv": [0, 4, 1, 11], "rotation": 270, "texture": "#1"},
				"up": {"uv": [1, 4, 3, 11], "texture": "#1"},
				"down": {"uv": [1, 11, 3, 4], "texture": "#1"}
			}
		},
		{
			"from": [-3.5, 0.75, 3],
			"to": [-0.5, 1.25, 7],
			"faces": {
				"north": {"uv": [1, 0, 4, 1], "rotation": 180, "texture": "#1"},
				"east": {"uv": [0, 0, 1, 4], "rotation": 90, "texture": "#1"},
				"south": {"uv": [1, 3, 4, 4], "texture": "#1"},
				"west": {"uv": [0, 0, 1, 4], "rotation": 270, "texture": "#1"},
				"up": {"uv": [1, 0, 4, 4], "texture": "#1"},
				"down": {"uv": [1, 0, 4, 4], "texture": "#1"}
			}
		},
		{
			"from": [17, 0.5, 9],
			"to": [19, 1.5, 14],
			"faces": {
				"north": {"uv": [5, 7, 7, 8], "texture": "#1"},
				"east": {"uv": [4, 7, 5, 12], "rotation": 90, "texture": "#1"},
				"south": {"uv": [5, 12, 7, 13], "texture": "#1"},
				"west": {"uv": [4, 7, 5, 12], "rotation": 270, "texture": "#1"},
				"up": {"uv": [5, 7, 7, 12], "texture": "#1"},
				"down": {"uv": [5, 12, 7, 7], "texture": "#1"}
			}
		},
		{
			"from": [17, 0.75, 2],
			"to": [19, 1.25, 9],
			"faces": {
				"north": {"uv": [5, 0, 7, 1], "rotation": 180, "texture": "#1"},
				"east": {"uv": [4, 0, 5, 7], "rotation": 90, "texture": "#1"},
				"west": {"uv": [4, 0, 5, 7], "rotation": 270, "texture": "#1"},
				"up": {"uv": [5, 0, 7, 7], "texture": "#1"},
				"down": {"uv": [5, 7, 7, 0], "texture": "#1"}
			}
		},
		{
			"from": [6, 1, 0],
			"to": [10, 3, 16],
			"faces": {
				"north": {"uv": [10, 0, 14, 2], "texture": "#1"},
				"east": {"uv": [14, 0, 16, 16], "rotation": 90, "texture": "#1"},
				"south": {"uv": [10, 14, 14, 16], "texture": "#1"},
				"west": {"uv": [8, 0, 10, 16], "rotation": 270, "texture": "#1"},
				"up": {"uv": [10, 0, 14, 16], "texture": "#1"},
				"down": {"uv": [10, 16, 14, 0], "texture": "#1"}
			}
		}
	],
	"groups": [
		{
			"name": "dish",
			"children": [0, 1, 2, 3, 4]
		},
		{
			"name": "cutlery",
			"children": [5, 6, 7, 8, 9]
		}
	]
}