{
	"credit": "Made with Blockbench",
	"parent": "./cit_item",
	"textures": {
		"0": "./bowl_1",
		"1": "block/lime_wool"
	},
	"elements": [
		{
			"from": [15, 0.5, 2],
			"to": [16, 6.5, 4],
			"faces": {
				"east": {"uv": [12, 10, 14, 16], "texture": "#0"},
				"west": {"uv": [12, 10, 14, 16], "texture": "#0"},
				"up": {"uv": [14, 11, 15, 13], "texture": "#0"},
				"down": {"uv": [14, 11, 15, 13], "texture": "#0"}
			}
		},
		{
			"from": [12, 0.5, 2],
			"to": [13, 6.5, 4],
			"faces": {
				"east": {"uv": [12, 10, 14, 16], "texture": "#0"},
				"west": {"uv": [12, 10, 14, 16], "texture": "#0"},
				"up": {"uv": [11, 11, 12, 13], "texture": "#0"},
				"down": {"uv": [11, 11, 12, 13], "texture": "#0"}
			}
		},
		{
			"from": [12, 0.5, 4],
			"to": [16, 6.5, 5],
			"faces": {
				"north": {"uv": [11, 10, 15, 16], "texture": "#0"},
				"east": {"uv": [11, 10, 12, 16], "texture": "#0"},
				"south": {"uv": [11, 10, 15, 16], "texture": "#0"},
				"west": {"uv": [14, 10, 15, 16], "texture": "#0"},
				"up": {"uv": [11, 10, 15, 11], "texture": "#0"},
				"down": {"uv": [11, 10, 15, 11], "texture": "#0"}
			}
		},
		{
			"from": [12, 0.5, 1],
			"to": [16, 6.5, 2],
			"faces": {
				"north": {"uv": [11, 10, 15, 16], "texture": "#0"},
				"east": {"uv": [14, 10, 15, 16], "texture": "#0"},
				"south": {"uv": [11, 10, 15, 16], "texture": "#0"},
				"west": {"uv": [11, 10, 12, 16], "texture": "#0"},
				"up": {"uv": [11, 10, 15, 11], "texture": "#0"},
				"down": {"uv": [11, 10, 15, 11], "texture": "#0"}
			}
		},
		{
			"from": [13, 0.5, 2],
			"to": [15, 1.5, 4],
			"faces": {
				"up": {"uv": [12, 11, 14, 13], "texture": "#0"},
				"down": {"uv": [12, 11, 14, 13], "texture": "#0"}
			}
		},
		{
			"from": [4.5, 1.5, 4],
			"to": [5.5, 3.5, 8],
			"faces": {
				"east": {"uv": [11, 6, 15, 8], "texture": "#0"},
				"west": {"uv": [11, 6, 15, 8], "texture": "#0"},
				"up": {"uv": [15, 1, 16, 5], "texture": "#0"},
				"down": {"uv": [10, 1, 11, 5], "texture": "#0"}
			}
		},
		{
			"from": [-0.5, 1.5, 4],
			"to": [0.5, 3.5, 8],
			"faces": {
				"east": {"uv": [11, 6, 15, 8], "texture": "#0"},
				"west": {"uv": [11, 6, 15, 8], "texture": "#0"},
				"up": {"uv": [15, 1, 16, 5], "texture": "#0"},
				"down": {"uv": [10, 1, 11, 5], "texture": "#0"}
			}
		},
		{
			"from": [-0.5, 1.5, 8],
			"to": [5.5, 3.5, 9],
			"faces": {
				"north": {"uv": [10, 6, 16, 8], "texture": "#0"},
				"east": {"uv": [10, 6, 11, 8], "texture": "#0"},
				"south": {"uv": [10, 6, 16, 8], "texture": "#0"},
				"west": {"uv": [15, 6, 16, 8], "texture": "#0"},
				"up": {"uv": [10, 0, 16, 1], "texture": "#0"},
				"down": {"uv": [10, 5, 16, 6], "texture": "#0"}
			}
		},
		{
			"from": [-0.5, 1.5, 3],
			"to": [5.5, 3.5, 4],
			"faces": {
				"north": {"uv": [10, 6, 16, 8], "texture": "#0"},
				"east": {"uv": [15, 6, 16, 8], "texture": "#0"},
				"south": {"uv": [10, 6, 16, 8], "texture": "#0"},
				"west": {"uv": [10, 6, 11, 8], "texture": "#0"},
				"up": {"uv": [10, 0, 16, 1], "texture": "#0"},
				"down": {"uv": [10, 5, 16, 6], "texture": "#0"}
			}
		},
		{
			"from": [0.5, 0.5, 4],
			"to": [4.5, 1.5, 8],
			"faces": {
				"north": {"uv": [11, 8, 15, 9], "texture": "#0"},
				"east": {"uv": [11, 8, 15, 9], "texture": "#0"},
				"south": {"uv": [11, 8, 15, 9], "texture": "#0"},
				"west": {"uv": [11, 8, 15, 9], "texture": "#0"},
				"up": {"uv": [11, 1, 15, 5], "texture": "#0"},
				"down": {"uv": [11, 1, 15, 5], "texture": "#0"}
			}
		},
		{
			"from": [7.5, 0.5, 7],
			"to": [13.5, 1.5, 13],
			"faces": {
				"north": {"uv": [2, 11, 8, 12], "texture": "#0"},
				"east": {"uv": [2, 11, 8, 12], "texture": "#0"},
				"south": {"uv": [2, 11, 8, 12], "texture": "#0"},
				"west": {"uv": [2, 11, 8, 12], "texture": "#0"},
				"up": {"uv": [2, 2, 8, 8], "texture": "#0"},
				"down": {"uv": [2, 2, 8, 8], "texture": "#0"}
			}
		},
		{
			"from": [5.5, 1, 7],
			"to": [7.5, 2, 13],
			"faces": {
				"north": {"uv": [0, 0, 0, 0], "texture": "#0"},
				"east": {"uv": [2, 1, 8, 2], "texture": "#0"},
				"south": {"uv": [0, 0, 0, 0], "texture": "#0"},
				"west": {"uv": [2, 10, 8, 11], "texture": "#0"},
				"up": {"uv": [2, 0, 8, 2], "rotation": 270, "texture": "#0"},
				"down": {"uv": [0, 2, 2, 8], "texture": "#0"}
			}
		},
		{
			"from": [13.5, 1, 7],
			"to": [15.5, 2, 13],
			"faces": {
				"north": {"uv": [0, 0, 0, 0], "texture": "#0"},
				"east": {"uv": [2, 10, 8, 11], "texture": "#0"},
				"south": {"uv": [0, 0, 0, 0], "texture": "#0"},
				"west": {"uv": [2, 1, 8, 2], "texture": "#0"},
				"up": {"uv": [8, 2, 10, 8], "texture": "#0"},
				"down": {"uv": [2, 2, 0, 8], "texture": "#0"}
			}
		},
		{
			"from": [5.5, 1, 13],
			"to": [15.5, 2, 15],
			"faces": {
				"north": {"uv": [0, 1, 10, 2], "texture": "#0"},
				"east": {"uv": [0, 10, 2, 11], "texture": "#0"},
				"south": {"uv": [0, 10, 10, 11], "texture": "#0"},
				"west": {"uv": [8, 10, 10, 11], "texture": "#0"},
				"up": {"uv": [0, 2, 10, 0], "texture": "#0"},
				"down": {"uv": [0, 10, 10, 8], "texture": "#0"}
			}
		},
		{
			"from": [5.5, 1, 5],
			"to": [15.5, 2, 7],
			"faces": {
				"north": {"uv": [0, 10, 10, 11], "texture": "#0"},
				"east": {"uv": [8, 10, 10, 11], "texture": "#0"},
				"south": {"uv": [0, 1, 10, 2], "texture": "#0"},
				"west": {"uv": [0, 10, 2, 11], "texture": "#0"},
				"up": {"uv": [0, 0, 10, 2], "texture": "#0"},
				"down": {"uv": [0, 8, 10, 10], "texture": "#0"}
			}
		},
		{
			"from": [-2, 0, 0],
			"to": [8, 0.5, 16],
			"faces": {
				"north": {"uv": [6, 0, 16, 0.5], "texture": "#1"},
				"south": {"uv": [0, 0, 10, 0.5], "texture": "#1"},
				"west": {"uv": [0, 0, 16, 0.5], "texture": "#1"},
				"up": {"uv": [0, 0, 10, 16], "texture": "#1"},
				"down": {"uv": [0, 0, 10, 16], "texture": "#1"}
			}
		},
		{
			"from": [8, 0, 0],
			"to": [18, 0.5, 16],
			"faces": {
				"north": {"uv": [0, 0, 10, 0.5], "texture": "#1"},
				"east": {"uv": [0, 0, 16, 0.5], "texture": "#1"},
				"south": {"uv": [6, 0, 16, 0.5], "texture": "#1"},
				"up": {"uv": [6, 0, 16, 16], "texture": "#1"},
				"down": {"uv": [6, 0, 16, 16], "texture": "#1"}
			}
		}
	],
	"groups": [
		{
			"name": "cup",
			"origin": [8, 8, 8],
			"children": [0, 1, 2, 3, 4]
		},
		{
			"name": "bowl",
			"origin": [8, 8, 8],
			"children": [5, 6, 7, 8, 9]
		},
		{
			"name": "plate",
			"origin": [8, 8, 8],
			"children": [10, 11, 12, 13, 14]
		}, 15, 16]
}