{
	"credit": "Made with Blockbench",
	"parent": "./cit_item",
	"textures": {
		"0": "./bowl_0"
	},
	"elements": [
		{
			"from": [5, 0, 5],
			"to": [11, 1, 11],
			"faces": {
				"north": {"uv": [1, 15, 7, 16], "texture": "#0"},
				"east": {"uv": [1, 15, 7, 16], "texture": "#0"},
				"south": {"uv": [1, 15, 7, 16], "texture": "#0"},
				"west": {"uv": [1, 15, 7, 16], "texture": "#0"},
				"down": {"uv": [3, 1, 9, 7], "texture": "#0"}
			}
		},
		{
			"from": [4, 1, 4],
			"to": [12, 2, 12],
			"faces": {
				"north": {"uv": [0, 14, 8, 15], "texture": "#0"},
				"east": {"uv": [0, 14, 8, 15], "texture": "#0"},
				"south": {"uv": [0, 14, 8, 15], "texture": "#0"},
				"west": {"uv": [0, 14, 8, 15], "texture": "#0"},
				"up": {"uv": [2, 0, 10, 8], "texture": "#0"},
				"down": {"uv": [2, 0, 10, 8], "texture": "#0"}
			}
		},
		{
			"from": [3.5, 2, 3.5],
			"to": [12.5, 4, 4.5],
			"faces": {
				"north": {"uv": [0, 11, 9, 13], "texture": "#0"},
				"east": {"uv": [8, 11, 9, 13], "texture": "#0"},
				"south": {"uv": [0, 9, 9, 11], "texture": "#0"},
				"west": {"uv": [0, 11, 1, 13], "texture": "#0"},
				"up": {"uv": [0, 0, 1, 9], "rotation": 90, "texture": "#0"},
				"down": {"uv": [1, 0, 2, 9], "rotation": 90, "texture": "#0"}
			}
		},
		{
			"from": [3.5, 2, 11.5],
			"to": [12.5, 4, 12.5],
			"faces": {
				"north": {"uv": [0, 9, 9, 11], "texture": "#0"},
				"east": {"uv": [0, 11, 1, 13], "texture": "#0"},
				"south": {"uv": [0, 11, 9, 13], "texture": "#0"},
				"west": {"uv": [8, 11, 9, 13], "texture": "#0"},
				"up": {"uv": [0, 0, 1, 9], "rotation": 90, "texture": "#0"},
				"down": {"uv": [1, 0, 2, 9], "rotation": 90, "texture": "#0"}
			}
		},
		{
			"from": [3.5, 2, 4.5],
			"to": [4.5, 4, 11.5],
			"faces": {
				"east": {"uv": [1, 9, 8, 11], "texture": "#0"},
				"west": {"uv": [1, 11, 8, 13], "texture": "#0"},
				"up": {"uv": [0, 1, 1, 8], "texture": "#0"},
				"down": {"uv": [1, 1, 2, 8], "texture": "#0"}
			}
		},
		{
			"from": [11.5, 2, 4.5],
			"to": [12.5, 4, 11.5],
			"faces": {
				"east": {"uv": [1, 11, 8, 13], "texture": "#0"},
				"west": {"uv": [1, 9, 8, 11], "texture": "#0"},
				"up": {"uv": [0, 1, 1, 8], "texture": "#0"},
				"down": {"uv": [1, 1, 2, 8], "texture": "#0"}
			}
		}
	]
}