{
	"credit": "Made with Blockbench",
	"parent": "./cit_item",
	"textures": {
		"0": "./plate_white",
		"1": "./bowl_1",
		"2": "./glass_bottle_8"
	},
	"elements": [
		{
			"from": [5.5, 8, 3.5],
			"to": [8.5, 10.5, 6.5],
			"faces": {
				"north": {"uv": [10, 3, 13, 6], "texture": "#2"},
				"east": {"uv": [10, 3, 13, 6], "texture": "#2"},
				"south": {"uv": [10, 3, 13, 6], "texture": "#2"},
				"west": {"uv": [10, 3, 13, 6], "texture": "#2"},
				"up": {"uv": [10, 0, 13, 3], "texture": "#2"},
				"down": {"uv": [10, 6, 13, 9], "texture": "#2"}
			}
		},
		{
			"from": [5.5, 5, 3.5],
			"to": [8.5, 5.5, 6.5],
			"faces": {
				"north": {"uv": [0, 7, 3, 8], "texture": "#2"},
				"east": {"uv": [0, 7, 3, 8], "texture": "#2"},
				"south": {"uv": [0, 7, 3, 8], "texture": "#2"},
				"west": {"uv": [0, 7, 3, 8], "texture": "#2"},
				"up": {"uv": [3, 5, 6, 8], "texture": "#2"},
				"down": {"uv": [3, 5, 6, 8], "texture": "#2"}
			}
		},
		{
			"from": [6.5, 5.5, 4.5],
			"to": [7.5, 7.5, 5.5],
			"faces": {
				"north": {"uv": [1, 5, 2, 7], "texture": "#2"},
				"east": {"uv": [1, 5, 2, 7], "texture": "#2"},
				"south": {"uv": [1, 5, 2, 7], "texture": "#2"},
				"west": {"uv": [1, 5, 2, 7], "texture": "#2"}
			}
		},
		{
			"from": [6, 7.5, 4],
			"to": [8, 8.5, 6],
			"faces": {
				"up": {"uv": [1, 13, 3, 15], "texture": "#2"},
				"down": {"uv": [1, 13, 3, 15], "texture": "#2"}
			}
		},
		{
			"from": [5, 7.5, 3],
			"to": [9, 12.5, 4],
			"faces": {
				"north": {"uv": [0, 0, 4, 5], "texture": "#2"},
				"east": {"uv": [3, 0, 4, 5], "texture": "#2"},
				"south": {"uv": [0, 0, 4, 5], "texture": "#2"},
				"west": {"uv": [0, 0, 1, 5], "texture": "#2"},
				"up": {"uv": [0, 8, 4, 9], "texture": "#2"},
				"down": {"uv": [0, 12, 4, 13], "texture": "#2"}
			}
		},
		{
			"from": [5, 7.5, 6],
			"to": [9, 12.5, 7],
			"faces": {
				"north": {"uv": [0, 0, 4, 5], "texture": "#2"},
				"east": {"uv": [0, 0, 1, 5], "texture": "#2"},
				"south": {"uv": [0, 0, 4, 5], "texture": "#2"},
				"west": {"uv": [3, 0, 4, 5], "texture": "#2"},
				"up": {"uv": [0, 11, 4, 12], "texture": "#2"},
				"down": {"uv": [0, 15, 4, 16], "texture": "#2"}
			}
		},
		{
			"from": [5, 7.5, 4],
			"to": [6, 12.5, 6],
			"faces": {
				"east": {"uv": [1, 0, 3, 5], "texture": "#2"},
				"west": {"uv": [1, 0, 3, 5], "texture": "#2"},
				"up": {"uv": [0, 9, 1, 11], "texture": "#2"},
				"down": {"uv": [0, 13, 1, 15], "texture": "#2"}
			}
		},
		{
			"from": [8, 7.5, 4],
			"to": [9, 12.5, 6],
			"faces": {
				"east": {"uv": [1, 0, 3, 5], "texture": "#2"},
				"west": {"uv": [1, 0, 3, 5], "texture": "#2"},
				"up": {"uv": [3, 9, 4, 11], "texture": "#2"},
				"down": {"uv": [3, 13, 4, 15], "texture": "#2"}
			}
		},
		{
			"from": [10, 8, 4.5],
			"to": [13, 10.5, 7.5],
			"faces": {
				"north": {"uv": [10, 3, 13, 6], "texture": "#2"},
				"east": {"uv": [10, 3, 13, 6], "texture": "#2"},
				"south": {"uv": [10, 3, 13, 6], "texture": "#2"},
				"west": {"uv": [10, 3, 13, 6], "texture": "#2"},
				"up": {"uv": [10, 0, 13, 3], "texture": "#2"},
				"down": {"uv": [10, 6, 13, 9], "texture": "#2"}
			}
		},
		{
			"from": [10, 5, 4.5],
			"to": [13, 5.5, 7.5],
			"faces": {
				"north": {"uv": [0, 7, 3, 8], "texture": "#2"},
				"east": {"uv": [0, 7, 3, 8], "texture": "#2"},
				"south": {"uv": [0, 7, 3, 8], "texture": "#2"},
				"west": {"uv": [0, 7, 3, 8], "texture": "#2"},
				"up": {"uv": [3, 5, 6, 8], "texture": "#2"},
				"down": {"uv": [3, 5, 6, 8], "texture": "#2"}
			}
		},
		{
			"from": [11, 5.5, 5.5],
			"to": [12, 7.5, 6.5],
			"faces": {
				"north": {"uv": [1, 5, 2, 7], "texture": "#2"},
				"east": {"uv": [1, 5, 2, 7], "texture": "#2"},
				"south": {"uv": [1, 5, 2, 7], "texture": "#2"},
				"west": {"uv": [1, 5, 2, 7], "texture": "#2"}
			}
		},
		{
			"from": [10.5, 7.5, 5],
			"to": [12.5, 8.5, 7],
			"faces": {
				"up": {"uv": [1, 13, 3, 15], "texture": "#2"},
				"down": {"uv": [1, 13, 3, 15], "texture": "#2"}
			}
		},
		{
			"from": [9.5, 7.5, 4],
			"to": [13.5, 12.5, 5],
			"faces": {
				"north": {"uv": [0, 0, 4, 5], "texture": "#2"},
				"east": {"uv": [3, 0, 4, 5], "texture": "#2"},
				"south": {"uv": [0, 0, 4, 5], "texture": "#2"},
				"west": {"uv": [0, 0, 1, 5], "texture": "#2"},
				"up": {"uv": [0, 8, 4, 9], "texture": "#2"},
				"down": {"uv": [0, 12, 4, 13], "texture": "#2"}
			}
		},
		{
			"from": [9.5, 7.5, 7],
			"to": [13.5, 12.5, 8],
			"faces": {
				"north": {"uv": [0, 0, 4, 5], "texture": "#2"},
				"east": {"uv": [0, 0, 1, 5], "texture": "#2"},
				"south": {"uv": [0, 0, 4, 5], "texture": "#2"},
				"west": {"uv": [3, 0, 4, 5], "texture": "#2"},
				"up": {"uv": [0, 11, 4, 12], "texture": "#2"},
				"down": {"uv": [0, 15, 4, 16], "texture": "#2"}
			}
		},
		{
			"from": [9.5, 7.5, 5],
			"to": [10.5, 12.5, 7],
			"faces": {
				"east": {"uv": [1, 0, 3, 5], "texture": "#2"},
				"west": {"uv": [1, 0, 3, 5], "texture": "#2"},
				"up": {"uv": [0, 9, 1, 11], "texture": "#2"},
				"down": {"uv": [0, 13, 1, 15], "texture": "#2"}
			}
		},
		{
			"from": [12.5, 7.5, 5],
			"to": [13.5, 12.5, 7],
			"faces": {
				"east": {"uv": [1, 0, 3, 5], "texture": "#2"},
				"west": {"uv": [1, 0, 3, 5], "texture": "#2"},
				"up": {"uv": [3, 9, 4, 11], "texture": "#2"},
				"down": {"uv": [3, 13, 4, 15], "texture": "#2"}
			}
		},
		{
			"from": [8, 5.5, 8],
			"to": [9, 7.5, 12],
			"faces": {
				"east": {"uv": [11, 6, 15, 8], "texture": "#1"},
				"west": {"uv": [11, 6, 15, 8], "texture": "#1"},
				"up": {"uv": [15, 1, 16, 5], "texture": "#1"},
				"down": {"uv": [10, 1, 11, 5], "texture": "#1"}
			}
		},
		{
			"from": [3, 5.5, 8],
			"to": [4, 7.5, 12],
			"faces": {
				"east": {"uv": [11, 6, 15, 8], "texture": "#1"},
				"west": {"uv": [11, 6, 15, 8], "texture": "#1"},
				"up": {"uv": [15, 1, 16, 5], "texture": "#1"},
				"down": {"uv": [10, 1, 11, 5], "texture": "#1"}
			}
		},
		{
			"from": [3, 5.5, 12],
			"to": [9, 7.5, 13],
			"faces": {
				"north": {"uv": [10, 6, 16, 8], "texture": "#1"},
				"east": {"uv": [10, 6, 11, 8], "texture": "#1"},
				"south": {"uv": [10, 6, 16, 8], "texture": "#1"},
				"west": {"uv": [15, 6, 16, 8], "texture": "#1"},
				"up": {"uv": [10, 0, 16, 1], "texture": "#1"},
				"down": {"uv": [10, 5, 16, 6], "texture": "#1"}
			}
		},
		{
			"from": [3, 5.5, 7],
			"to": [9, 7.5, 8],
			"faces": {
				"north": {"uv": [10, 6, 16, 8], "texture": "#1"},
				"east": {"uv": [15, 6, 16, 8], "texture": "#1"},
				"south": {"uv": [10, 6, 16, 8], "texture": "#1"},
				"west": {"uv": [10, 6, 11, 8], "texture": "#1"},
				"up": {"uv": [10, 0, 16, 1], "texture": "#1"},
				"down": {"uv": [10, 5, 16, 6], "texture": "#1"}
			}
		},
		{
			"from": [4, 4.5, 8],
			"to": [8, 5.5, 12],
			"faces": {
				"north": {"uv": [11, 8, 15, 9], "texture": "#1"},
				"east": {"uv": [11, 8, 15, 9], "texture": "#1"},
				"south": {"uv": [11, 8, 15, 9], "texture": "#1"},
				"west": {"uv": [11, 8, 15, 9], "texture": "#1"},
				"up": {"uv": [11, 1, 15, 5], "texture": "#1"},
				"down": {"uv": [11, 1, 15, 5], "texture": "#1"}
			}
		},
		{
			"from": [3, 3, 3],
			"to": [13, 5, 13],
			"faces": {
				"north": {"uv": [3, 2, 13, 3], "texture": "#0"},
				"east": {"uv": [13, 3, 14, 13], "rotation": 90, "texture": "#0"},
				"south": {"uv": [3, 13, 13, 14], "texture": "#0"},
				"west": {"uv": [2, 3, 3, 13], "rotation": 90, "texture": "#0"},
				"up": {"uv": [3, 3, 13, 13], "texture": "#0"},
				"down": {"uv": [3, 3, 13, 13], "texture": "#0"}
			}
		},
		{
			"from": [3, 4.5, 1],
			"to": [13, 5.5, 3],
			"faces": {
				"north": {"uv": [3, 0, 13, 1], "texture": "#0"},
				"south": {"uv": [3, 2, 13, 3], "texture": "#0"},
				"up": {"uv": [3, 1, 13, 3], "texture": "#0"},
				"down": {"uv": [3, 1, 13, 3], "texture": "#0"}
			}
		},
		{
			"from": [3, 4.5, 13],
			"to": [13, 5.5, 15],
			"faces": {
				"north": {"uv": [3, 13, 13, 14], "texture": "#0"},
				"south": {"uv": [3, 15, 13, 16], "texture": "#0"},
				"up": {"uv": [3, 13, 13, 15], "texture": "#0"},
				"down": {"uv": [3, 13, 13, 15], "texture": "#0"}
			}
		},
		{
			"from": [1, 4.5, 1],
			"to": [3, 5.5, 15],
			"faces": {
				"north": {"uv": [1, 0, 3, 1], "texture": "#0"},
				"east": {"uv": [2, 1, 3, 15], "rotation": 90, "texture": "#0"},
				"south": {"uv": [1, 15, 3, 16], "texture": "#0"},
				"west": {"uv": [0, 1, 1, 15], "rotation": 90, "texture": "#0"},
				"up": {"uv": [1, 1, 3, 15], "texture": "#0"},
				"down": {"uv": [1, 1, 3, 15], "texture": "#0"}
			}
		},
		{
			"from": [13, 4.5, 1],
			"to": [15, 5.5, 15],
			"faces": {
				"north": {"uv": [13, 0, 15, 1], "texture": "#0"},
				"east": {"uv": [15, 1, 16, 15], "rotation": 90, "texture": "#0"},
				"south": {"uv": [13, 15, 15, 16], "texture": "#0"},
				"west": {"uv": [13, 1, 14, 15], "rotation": 90, "texture": "#0"},
				"up": {"uv": [13, 1, 15, 15], "texture": "#0"},
				"down": {"uv": [13, 1, 15, 15], "texture": "#0"}
			}
		},
		{
			"from": [3, 1, 3],
			"to": [13, 3, 13],
			"faces": {
				"north": {"uv": [3, 2, 13, 3], "texture": "#0"},
				"east": {"uv": [13, 3, 14, 13], "rotation": 90, "texture": "#0"},
				"south": {"uv": [3, 13, 13, 14], "texture": "#0"},
				"west": {"uv": [2, 3, 3, 13], "rotation": 90, "texture": "#0"},
				"up": {"uv": [3, 3, 13, 13], "texture": "#0"},
				"down": {"uv": [3, 3, 13, 13], "texture": "#0"}
			}
		},
		{
			"from": [3, 2.5, 1],
			"to": [13, 3.5, 3],
			"faces": {
				"north": {"uv": [3, 0, 13, 1], "texture": "#0"},
				"south": {"uv": [3, 2, 13, 3], "texture": "#0"},
				"up": {"uv": [3, 1, 13, 3], "texture": "#0"},
				"down": {"uv": [3, 1, 13, 3], "texture": "#0"}
			}
		},
		{
			"from": [3, 2.5, 13],
			"to": [13, 3.5, 15],
			"faces": {
				"north": {"uv": [3, 13, 13, 14], "texture": "#0"},
				"south": {"uv": [3, 15, 13, 16], "texture": "#0"},
				"up": {"uv": [3, 13, 13, 15], "texture": "#0"},
				"down": {"uv": [3, 13, 13, 15], "texture": "#0"}
			}
		},
		{
			"from": [1, 2.5, 1],
			"to": [3, 3.5, 15],
			"faces": {
				"north": {"uv": [1, 0, 3, 1], "texture": "#0"},
				"east": {"uv": [2, 1, 3, 15], "rotation": 90, "texture": "#0"},
				"south": {"uv": [1, 15, 3, 16], "texture": "#0"},
				"west": {"uv": [0, 1, 1, 15], "rotation": 90, "texture": "#0"},
				"up": {"uv": [1, 1, 3, 15], "texture": "#0"},
				"down": {"uv": [1, 1, 3, 15], "texture": "#0"}
			}
		},
		{
			"from": [13, 2.5, 1],
			"to": [15, 3.5, 15],
			"faces": {
				"north": {"uv": [13, 0, 15, 1], "texture": "#0"},
				"east": {"uv": [15, 1, 16, 15], "rotation": 90, "texture": "#0"},
				"south": {"uv": [13, 15, 15, 16], "texture": "#0"},
				"west": {"uv": [13, 1, 14, 15], "rotation": 90, "texture": "#0"},
				"up": {"uv": [13, 1, 15, 15], "texture": "#0"},
				"down": {"uv": [13, 1, 15, 15], "texture": "#0"}
			}
		},
		{
			"from": [3, 0, 3],
			"to": [13, 1, 13],
			"faces": {
				"north": {"uv": [3, 2, 13, 3], "texture": "#0"},
				"east": {"uv": [13, 3, 14, 13], "rotation": 90, "texture": "#0"},
				"south": {"uv": [3, 13, 13, 14], "texture": "#0"},
				"west": {"uv": [2, 3, 3, 13], "rotation": 90, "texture": "#0"},
				"up": {"uv": [3, 3, 13, 13], "texture": "#0"},
				"down": {"uv": [3, 3, 13, 13], "texture": "#0"}
			}
		},
		{
			"from": [3, 0.5, 1],
			"to": [13, 1.5, 3],
			"faces": {
				"north": {"uv": [3, 0, 13, 1], "texture": "#0"},
				"south": {"uv": [3, 2, 13, 3], "texture": "#0"},
				"up": {"uv": [3, 1, 13, 3], "texture": "#0"},
				"down": {"uv": [3, 1, 13, 3], "texture": "#0"}
			}
		},
		{
			"from": [3, 0.5, 13],
			"to": [13, 1.5, 15],
			"faces": {
				"north": {"uv": [3, 13, 13, 14], "texture": "#0"},
				"south": {"uv": [3, 15, 13, 16], "texture": "#0"},
				"up": {"uv": [3, 13, 13, 15], "texture": "#0"},
				"down": {"uv": [3, 13, 13, 15], "texture": "#0"}
			}
		},
		{
			"from": [1, 0.5, 1],
			"to": [3, 1.5, 15],
			"faces": {
				"north": {"uv": [1, 0, 3, 1], "texture": "#0"},
				"east": {"uv": [2, 1, 3, 15], "rotation": 90, "texture": "#0"},
				"south": {"uv": [1, 15, 3, 16], "texture": "#0"},
				"west": {"uv": [0, 1, 1, 15], "rotation": 90, "texture": "#0"},
				"up": {"uv": [1, 1, 3, 15], "texture": "#0"},
				"down": {"uv": [1, 1, 3, 15], "texture": "#0"}
			}
		},
		{
			"from": [13, 0.5, 1],
			"to": [15, 1.5, 15],
			"faces": {
				"north": {"uv": [13, 0, 15, 1], "texture": "#0"},
				"east": {"uv": [15, 1, 16, 15], "rotation": 90, "texture": "#0"},
				"south": {"uv": [13, 15, 15, 16], "texture": "#0"},
				"west": {"uv": [13, 1, 14, 15], "rotation": 90, "texture": "#0"},
				"up": {"uv": [13, 1, 15, 15], "texture": "#0"},
				"down": {"uv": [13, 1, 15, 15], "texture": "#0"}
			}
		}
	],
	"groups": [
		{
			"name": "glass",
			"origin": [8, 8, 8],
			"children": [0, 1, 2, 3, 4, 5, 6, 7]
		},
		{
			"name": "glass",
			"origin": [8, 8, 8],
			"children": [8, 9, 10, 11, 12, 13, 14, 15]
		},
		{
			"name": "bowl",
			"origin": [8, 8, 8],
			"children": [16, 17, 18, 19, 20]
		},
		{
			"name": "plate3",
			"origin": [8, 8, 8],
			"children": [21, 22, 23, 24, 25]
		},
		{
			"name": "plate2",
			"origin": [8, 8, 8],
			"children": [26, 27, 28, 29, 30]
		},
		{
			"name": "plate1",
			"origin": [8, 8, 8],
			"children": [31, 32, 33, 34, 35]
		}
	]
}