{
	"credit": "Made with Blockbench",
	"parent": "./cit_item",
	"textures": {
		"0": "./brewing_stand_1"
	},
	"elements": [
		{
			"from": [4.5, 0, 4.5],
			"to": [12.5, 1, 12.5],
			"faces": {
				"north": {"uv": [0, 8, 8, 9], "texture": "#0"},
				"east": {"uv": [0, 8, 8, 9], "texture": "#0"},
				"south": {"uv": [0, 8, 8, 9], "texture": "#0"},
				"west": {"uv": [0, 8, 8, 9], "texture": "#0"},
				"up": {"uv": [0, 0, 8, 8], "texture": "#0"},
				"down": {"uv": [0, 8, 1, 9], "texture": "#0"}
			}
		},
		{
			"from": [5, 1, 5],
			"to": [12, 6, 12],
			"faces": {
				"north": {"uv": [7, 11, 14, 16], "texture": "#0"},
				"east": {"uv": [7, 11, 14, 16], "texture": "#0"},
				"south": {"uv": [0, 11, 7, 16], "texture": "#0"},
				"west": {"uv": [7, 11, 14, 16], "texture": "#0"}
			}
		},
		{
			"from": [4.5, 6, 4.5],
			"to": [12.5, 7, 12.5],
			"faces": {
				"north": {"uv": [0, 8, 8, 9], "texture": "#0"},
				"east": {"uv": [0, 8, 8, 9], "texture": "#0"},
				"south": {"uv": [0, 8, 8, 9], "texture": "#0"},
				"west": {"uv": [0, 8, 8, 9], "texture": "#0"},
				"up": {"uv": [0, 0, 8, 8], "texture": "#0"},
				"down": {"uv": [0, 0, 8, 8], "texture": "#0"}
			}
		},
		{
			"from": [7, 7, 7],
			"to": [10, 8, 10],
			"faces": {
				"north": {"uv": [9, 8, 12, 9], "texture": "#0"},
				"east": {"uv": [9, 8, 12, 9], "texture": "#0"},
				"south": {"uv": [9, 8, 12, 9], "texture": "#0"},
				"west": {"uv": [9, 8, 12, 9], "texture": "#0"}
			}
		},
		{
			"from": [6.5, 8, 6.5],
			"to": [10.5, 9, 10.5],
			"faces": {
				"north": {"uv": [9, 7, 13, 8], "texture": "#0"},
				"east": {"uv": [9, 7, 13, 8], "texture": "#0"},
				"south": {"uv": [9, 7, 13, 8], "texture": "#0"},
				"west": {"uv": [9, 7, 13, 8], "texture": "#0"},
				"down": {"uv": [9, 1, 13, 5], "texture": "#0"}
			}
		},
		{
			"from": [5.5, 9, 5.5],
			"to": [11.5, 10, 11.5],
			"faces": {
				"north": {"uv": [8, 6, 14, 7], "texture": "#0"},
				"east": {"uv": [8, 6, 14, 7], "texture": "#0"},
				"south": {"uv": [8, 6, 14, 7], "texture": "#0"},
				"west": {"uv": [8, 6, 14, 7], "texture": "#0"},
				"up": {"uv": [8, 0, 14, 6], "texture": "#0"},
				"down": {"uv": [8, 0, 14, 6], "texture": "#0"}
			}
		},
		{
			"from": [8, 10, 8],
			"to": [9, 13, 9],
			"faces": {
				"north": {"uv": [15, 1, 16, 4], "texture": "#0"},
				"east": {"uv": [15, 1, 16, 4], "texture": "#0"},
				"south": {"uv": [15, 1, 16, 4], "texture": "#0"},
				"west": {"uv": [15, 1, 16, 4], "texture": "#0"},
				"up": {"uv": [15, 1, 16, 2], "texture": "#0"}
			}
		},
		{
			"from": [5, 12, 8],
			"to": [8, 12, 9],
			"faces": {
				"up": {"uv": [13, 9, 16, 10], "texture": "#0"},
				"down": {"uv": [13, 9, 16, 10], "texture": "#0"}
			}
		},
		{
			"from": [4, 12, 8],
			"to": [5, 13, 9],
			"faces": {
				"north": {"uv": [4, 13, 5, 14], "texture": "#0"},
				"east": {"uv": [4, 13, 5, 14], "texture": "#0"},
				"south": {"uv": [4, 13, 5, 14], "texture": "#0"},
				"west": {"uv": [4, 13, 5, 14], "texture": "#0"},
				"up": {"uv": [3, 13, 4, 14], "texture": "#0"},
				"down": {"uv": [3, 13, 4, 14], "texture": "#0"}
			}
		}
	]
}