{
	"credit": "Made with Blockbench",
	"parent": "./cit_item",
	"textures": {
		"0": "./brewing_stand_0",
		"1": "./brewing_stand_0_01"
	},
	"elements": [
		{
			"from": [5, 0, 7],
			"to": [11, 2, 13],
			"faces": {
				"north": {"uv": [10, 14, 16, 16], "texture": "#1"},
				"east": {"uv": [10, 14, 16, 16], "texture": "#1"},
				"south": {"uv": [10, 14, 16, 16], "texture": "#1"},
				"west": {"uv": [10, 14, 16, 16], "texture": "#1"},
				"up": {"uv": [10, 8, 16, 14], "texture": "#1"},
				"down": {"uv": [2, 9, 8, 3], "texture": "#1"}
			}
		},
		{
			"from": [7.5, 6, 3.5],
			"to": [8.5, 12, 4.5],
			"faces": {
				"north": {"uv": [8, 10, 9, 16], "texture": "#1"},
				"east": {"uv": [8, 10, 9, 16], "texture": "#1"},
				"south": {"uv": [8, 10, 9, 16], "texture": "#1"},
				"west": {"uv": [8, 10, 9, 16], "texture": "#1"},
				"up": {"uv": [8, 10, 9, 11], "texture": "#1"}
			}
		},
		{
			"from": [6.5, 0.01, 2.5],
			"to": [9.5, 7.01, 5.5],
			"faces": {
				"north": {"uv": [10, 0, 13, 7], "texture": "#1"},
				"east": {"uv": [10, 0, 13, 7], "texture": "#1"},
				"south": {"uv": [10, 0, 13, 7], "texture": "#1"},
				"west": {"uv": [10, 0, 13, 7], "texture": "#1"},
				"up": {"uv": [13, 0, 16, 3], "texture": "#1"},
				"down": {"uv": [13, 3, 16, 6], "texture": "#1"}
			}
		},
		{
			"from": [7.5, 11, 4.5],
			"to": [8.5, 12, 8.5],
			"faces": {
				"east": {"uv": [8, 10, 9, 14], "rotation": 90, "texture": "#1"},
				"west": {"uv": [8, 10, 9, 14], "rotation": 90, "texture": "#1"},
				"up": {"uv": [8, 10, 9, 14], "rotation": 90, "texture": "#1"},
				"down": {"uv": [8, 10, 9, 14], "rotation": 90, "texture": "#1"}
			}
		},
		{
			"from": [3, 0, 4],
			"to": [13, 1, 12],
			"faces": {
				"north": {"uv": [0, 8, 10, 9], "texture": "#1"},
				"east": {"uv": [1, 8, 9, 9], "texture": "#1"},
				"south": {"uv": [0, 8, 10, 9], "texture": "#1"},
				"west": {"uv": [1, 8, 9, 9], "texture": "#1"},
				"up": {"uv": [0, 0, 10, 8], "texture": "#1"},
				"down": {"uv": [0, 8, 10, 0], "texture": "#1"}
			}
		},
		{
			"from": [5.5, 13, 7.5],
			"to": [10.5, 15, 12.5],
			"faces": {
				"north": {"uv": [1, 14, 6, 16], "texture": "#1"},
				"east": {"uv": [1, 14, 6, 16], "texture": "#1"},
				"south": {"uv": [1, 14, 6, 16], "texture": "#1"},
				"west": {"uv": [1, 14, 6, 16], "texture": "#1"},
				"up": {"uv": [1, 10, 6, 15], "texture": "#1"},
				"down": {"uv": [1, 10, 6, 15], "texture": "#1"}
			}
		},
		{
			"from": [5.5, 15, 7.5],
			"to": [10.5, 18, 12.5],
			"faces": {
				"north": {"uv": [0, 2, 5, 5], "texture": "#0"},
				"east": {"uv": [0, 2, 5, 5], "texture": "#0"},
				"south": {"uv": [0, 2, 5, 5], "texture": "#0"},
				"west": {"uv": [0, 2, 5, 5], "texture": "#0"},
				"up": {"uv": [6, 1, 11, 6], "texture": "#0"},
				"down": {"uv": [6, 1, 11, 6], "texture": "#0"}
			}
		},
		{
			"from": [5, 4, 7],
			"to": [11, 7, 13],
			"faces": {
				"north": {"uv": [0, 2, 5, 5], "texture": "#0"},
				"east": {"uv": [0, 2, 5, 5], "texture": "#0"},
				"south": {"uv": [0, 2, 5, 5], "texture": "#0"},
				"west": {"uv": [0, 2, 5, 5], "texture": "#0"},
				"up": {"uv": [6, 1, 11, 6], "texture": "#0"},
				"down": {"uv": [6, 1, 11, 6], "texture": "#0"}
			}
		},
		{
			"from": [4, 3, 6],
			"to": [12, 11, 14],
			"faces": {
				"north": {"uv": [0, 8, 8, 16], "texture": "#0"},
				"east": {"uv": [0, 8, 8, 16], "texture": "#0"},
				"south": {"uv": [0, 8, 8, 16], "texture": "#0"},
				"west": {"uv": [0, 8, 8, 16], "texture": "#0"},
				"up": {"uv": [0, 8, 8, 16], "texture": "#0"},
				"down": {"uv": [0, 8, 8, 16], "texture": "#0"}
			}
		},
		{
			"from": [6.5, 11, 8.5],
			"to": [9.5, 13, 11.5],
			"faces": {
				"north": {"uv": [0, 6, 3, 8], "texture": "#0"},
				"east": {"uv": [0, 6, 3, 8], "texture": "#0"},
				"south": {"uv": [0, 6, 3, 8], "texture": "#0"},
				"west": {"uv": [0, 6, 3, 8], "texture": "#0"}
			}
		},
		{
			"from": [4.5, 14, 6.5],
			"to": [11.5, 23, 13.5],
			"faces": {
				"north": {"uv": [9, 7, 16, 16], "texture": "#0"},
				"east": {"uv": [9, 7, 16, 16], "texture": "#0"},
				"south": {"uv": [9, 7, 16, 16], "texture": "#0"},
				"west": {"uv": [9, 7, 16, 16], "texture": "#0"},
				"up": {"uv": [0, 9, 7, 16], "texture": "#1"},
				"down": {"uv": [9, 9, 16, 16], "texture": "#0"}
			}
		}
	]
}