{
	"credit": "Made with Blockbench",
	"parent": "./cit_item",
	"textures": {
		"0": "./brewing_stand_3",
		"1": "./brewing_stand_3_01"
	},
	"elements": [
		{
			"from": [3, 0, 3],
			"to": [13, 2, 13],
			"faces": {
				"north": {"uv": [0, 10, 10, 12], "texture": "#0"},
				"east": {"uv": [0, 10, 10, 12], "texture": "#0"},
				"south": {"uv": [0, 10, 10, 12], "texture": "#0"},
				"west": {"uv": [0, 10, 10, 12], "texture": "#0"},
				"up": {"uv": [0, 0, 10, 10], "texture": "#0"},
				"down": {"uv": [10, 5, 15, 0], "texture": "#1"}
			}
		},
		{
			"from": [5, 2, 4],
			"to": [11, 3, 11],
			"faces": {
				"north": {"uv": [0, 13, 6, 14], "texture": "#0"},
				"east": {"uv": [0, 14, 7, 15], "texture": "#0"},
				"west": {"uv": [0, 14, 7, 15], "texture": "#0"},
				"up": {"uv": [2, 1, 8, 8], "texture": "#0"}
			}
		},
		{
			"from": [6, 3, 4],
			"to": [10, 11, 11],
			"faces": {
				"north": {"uv": [10, 0, 14, 8], "texture": "#0"},
				"east": {"uv": [0, 0, 8, 7], "rotation": 90, "texture": "#1"},
				"south": {"uv": [10, 0, 14, 9], "texture": "#0"},
				"west": {"uv": [0, 0, 8, 7], "rotation": 90, "texture": "#1"},
				"up": {"uv": [3, 1, 7, 8], "texture": "#0"}
			}
		},
		{
			"from": [7.5, 11, 7],
			"to": [8.5, 13, 8],
			"faces": {
				"north": {"uv": [8, 13, 9, 15], "texture": "#0"},
				"east": {"uv": [8, 13, 9, 15], "texture": "#0"},
				"south": {"uv": [8, 13, 9, 15], "texture": "#0"},
				"west": {"uv": [8, 13, 9, 15], "texture": "#0"}
			}
		},
		{
			"from": [3, 13, 3],
			"to": [8, 14, 12],
			"faces": {
				"north": {"uv": [10, 15, 15, 16], "texture": "#1"},
				"east": {"uv": [0, 0, 0, 0], "texture": "#1"},
				"south": {"uv": [10, 15, 15, 16], "texture": "#1"},
				"west": {"uv": [15, 6, 16, 15], "rotation": 90, "texture": "#1"},
				"up": {"uv": [15, 6, 10, 15], "texture": "#1"},
				"down": {"uv": [15, 6, 10, 15], "texture": "#1"}
			}
		},
		{
			"from": [8, 13, 3],
			"to": [13, 14, 12],
			"faces": {
				"north": {"uv": [10, 15, 15, 16], "texture": "#1"},
				"east": {"uv": [15, 6, 16, 15], "rotation": 90, "texture": "#1"},
				"south": {"uv": [10, 15, 15, 16], "texture": "#1"},
				"west": {"uv": [0, 0, 0, 0], "texture": "#1"},
				"up": {"uv": [10, 6, 15, 15], "texture": "#1"},
				"down": {"uv": [10, 6, 15, 15], "texture": "#1"}
			}
		},
		{
			"from": [4, 2, 11],
			"to": [12, 10, 12],
			"faces": {
				"north": {"uv": [10, 0, 15, 5], "texture": "#1"},
				"east": {"uv": [8, 8, 9, 16], "texture": "#1"},
				"south": {"uv": [0, 8, 8, 16], "texture": "#1"},
				"west": {"uv": [8, 8, 9, 16], "texture": "#1"},
				"up": {"uv": [0, 7, 8, 8], "texture": "#1"}
			}
		},
		{
			"from": [7.5, 6, 12.1],
			"to": [8.5, 8, 12.1],
			"faces": {
				"south": {"uv": [10, 13, 11, 15], "texture": "#0"}
			}
		}
	]
}