{
	"credit": "Made with Blockbench",
	"parent": "./cit_item",
	"textures": {
		"0": "./bucket_1",
		"1": "./bucket_1_01"
	},
	"elements": [
		{
			"from": [3.5, 1, 3.5],
			"to": [12.5, 2, 12.5],
			"faces": {
				"north": {"uv": [0, 0, 0, 0], "texture": "#0"},
				"east": {"uv": [0, 0, 0, 0], "texture": "#0"},
				"south": {"uv": [0, 0, 0, 0], "texture": "#0"},
				"west": {"uv": [0, 0, 0, 0], "texture": "#0"},
				"up": {"uv": [0, 0, 9, 9], "texture": "#1"},
				"down": {"uv": [0, 0, 9, 9], "texture": "#1"}
			}
		},
		{
			"from": [3.5, 0, 1.5],
			"to": [12.5, 8, 3.5],
			"faces": {
				"north": {"uv": [2, 0, 11, 8], "texture": "#0"},
				"south": {"uv": [2, 1, 11, 9], "texture": "#1"},
				"up": {"uv": [2, 12, 11, 14], "texture": "#1"},
				"down": {"uv": [2, 12, 11, 14], "texture": "#1", "rotation": 180}
			}
		},
		{
			"from": [3.5, 0, 12.5],
			"to": [12.5, 8, 14.5],
			"faces": {
				"north": {"uv": [2, 1, 11, 9], "texture": "#1"},
				"south": {"uv": [2, 0, 11, 8], "texture": "#0"},
				"up": {"uv": [2, 14, 11, 16], "texture": "#1"},
				"down": {"uv": [2, 14, 11, 16], "texture": "#1", "rotation": 180}
			}
		},
		{
			"from": [1.5, 0, 1.5],
			"to": [3.5, 8, 14.5],
			"faces": {
				"north": {"uv": [11, 0, 13, 8], "texture": "#0"},
				"east": {"uv": [0, 1, 13, 9], "texture": "#1"},
				"south": {"uv": [0, 0, 2, 8], "texture": "#0"},
				"west": {"uv": [0, 0, 13, 8], "texture": "#0"},
				"up": {"uv": [0, 14, 13, 16], "texture": "#1", "rotation": 90},
				"down": {"uv": [0, 14, 13, 16], "texture": "#1", "rotation": 90}
			}
		},
		{
			"from": [12.5, 0, 1.5],
			"to": [14.5, 8, 14.5],
			"faces": {
				"north": {"uv": [0, 0, 2, 8], "texture": "#0"},
				"east": {"uv": [0, 0, 13, 8], "texture": "#0"},
				"south": {"uv": [11, 0, 13, 8], "texture": "#0"},
				"west": {"uv": [0, 1, 13, 9], "texture": "#1"},
				"up": {"uv": [0, 12, 13, 14], "texture": "#1", "rotation": 90},
				"down": {"uv": [0, 12, 13, 14], "texture": "#1", "rotation": 90}
			}
		},
		{
			"from": [1.5, 8, 5.5],
			"to": [2.5, 16, 10.5],
			"faces": {
				"north": {"uv": [5, 8, 6, 16], "texture": "#0"},
				"east": {"uv": [0, 8, 5, 16], "texture": "#0"},
				"south": {"uv": [5, 8, 6, 16], "texture": "#0"},
				"west": {"uv": [0, 8, 5, 16], "texture": "#0"},
				"up": {"uv": [6, 8, 7, 13], "texture": "#0"}
			}
		},
		{
			"from": [13.5, 8, 5.5],
			"to": [14.5, 16, 10.5],
			"faces": {
				"north": {"uv": [5, 8, 6, 16], "texture": "#0"},
				"east": {"uv": [0, 8, 5, 16], "texture": "#0"},
				"south": {"uv": [5, 8, 6, 16], "texture": "#0"},
				"west": {"uv": [0, 8, 5, 16], "texture": "#0"},
				"up": {"uv": [6, 8, 7, 13], "texture": "#0"}
			}
		},
		{
			"from": [0.5, 13, 7],
			"to": [15.5, 15, 9],
			"faces": {
				"north": {"uv": [14, 0, 16, 15], "texture": "#0", "rotation": 90},
				"east": {"uv": [0, 0, 2, 2], "texture": "#1"},
				"south": {"uv": [14, 0, 16, 15], "texture": "#0", "rotation": 90},
				"west": {"uv": [0, 0, 2, 2], "texture": "#1"},
				"up": {"uv": [14, 0, 16, 15], "texture": "#0", "rotation": 90},
				"down": {"uv": [14, 0, 16, 15], "texture": "#0", "rotation": 90}
			}
		}
	]
}