{
    "variants": {
        "": [
		{ "model": "block/water_lily/lotus_flower1", "weight": 235 },
		{ "model": "block/water_lily/lily_pad1", "weight": 366 },
		{ "model": "block/water_lily/lily_pad1", "weight": 366, "y": 90 },
		{ "model": "block/water_lily/lily_pad1", "weight": 366, "y": 180 },
		{ "model": "block/water_lily/lily_pad1", "weight": 366, "y": 270 },
		{ "model": "block/water_lily/lily_pad2", "weight": 275 },
		{ "model": "block/water_lily/lily_pad2", "weight": 275, "y": 90 },
		{ "model": "block/water_lily/lily_pad2", "weight": 275, "y": 180 },
		{ "model": "block/water_lily/lily_pad2", "weight": 275, "y": 270 },
		{ "model": "block/water_lily/lily_pad3", "weight": 196 },
		{ "model": "block/water_lily/lily_pad3", "weight": 196, "y": 90 },
		{ "model": "block/water_lily/lily_pad3", "weight": 196, "y": 180 },
		{ "model": "block/water_lily/lily_pad3", "weight": 196, "y": 270 },
		{ "model": "block/water_lily/lily_pad4", "weight": 78 },
		{ "model": "block/water_lily/lily_pad4", "weight": 78, "y": 90 },
		{ "model": "block/water_lily/lily_pad4", "weight": 78, "y": 180 },
		{ "model": "block/water_lily/lily_pad4", "weight": 78, "y": 270 },
		{ "model": "block/water_lily/lily_pad5", "weight": 55 },
		{ "model": "block/water_lily/lily_pad5", "weight": 55, "y": 90 },
		{ "model": "block/water_lily/lily_pad5", "weight": 55, "y": 180 },
		{ "model": "block/water_lily/lily_pad5", "weight": 55, "y": 270 },
		{ "model": "block/water_lily/lily_pad6", "weight": 55 },
		{ "model": "block/water_lily/lily_pad6", "weight": 55, "y": 90 },
		{ "model": "block/water_lily/lily_pad6", "weight": 55, "y": 180 },
		{ "model": "block/water_lily/lily_pad6", "weight": 55, "y": 270 },
		{ "model": "block/water_lily/lily_pad7", "weight": 145 },
		{ "model": "block/water_lily/lily_pad7", "weight": 145, "y": 90 },
		{ "model": "block/water_lily/lily_pad7", "weight": 145, "y": 180 },
		{ "model": "block/water_lily/lily_pad7", "weight": 145, "y": 270 }
        ]
    }
}

